/*
 * Copyright (c) Huawei Technologies Co., Ltd. 2019-2022. All rights reserved.
 *
 * This program is free software; you can redistribute it and/or modify
 * it under the terms of the GNU General Public License version 2 and
 * only version 2 as published by the Free Software Foundation.
 *
 * This program is distributed in the hope that it will be useful,
 * but WITHOUT ANY WARRANTY; without even the implied warranty of
 * MERCHANTABILITY or FITNESS FOR A PARTICULAR PURPOSE. See the
 * GNU General Public License for more details.
 *
 * Description:
 * Author: huawei
 * Create: 2019-10-15
 */

#include "hilink_fw_data_h25.h"

const u32 firmware_data[FIRMWARE_LEN] = {
0x62001781, 0x62001E35, 0x62001E60, 0x620013FC, 0x62000CBD, 0x62000CBE, 0x62000CBF, 0x62000CC6,
0x62001F56, 0x62000CC7, 0x620017D1, 0x62001E81, 0x62001EC6, 0x6200148F, 0x62000CC8, 0x6200210F,
0x62002189, 0x62001FFE, 0x62001FF2, 0x62001F57, 0x62000CC9, 0x62001778, 0x6200163C, 0x620016D5,
0x62001611, 0x62001775, 0x62001776, 0x62000C1F, 0x62000C1F, 0x62000C1F, 0x62000C1F, 0x62000C1F,
0x6E616958, 0x676E6159, 0x754D5F58, 0x5069746C, 0x565F6F72, 0x2E372E30, 0x00000039, 0x00000000,
0x00000000, 0x00000000, 0x00000000, 0x00000000, 0x00000000, 0x00000000, 0x00000000, 0x00000000,
0x62001A7E, 0x62001A80, 0x62001B35, 0x62001B9F, 0x62001BA7, 0x62001BC9, 0x6200015B, 0x62001610,
0x620012F6, 0x62001388, 0x62000B03, 0x62000B06, 0x620008AE, 0x62000C1D, 0x62000C1F, 0x62000C1F,
0x62000C1F, 0x62000C1F, 0x62000C1F, 0x62000C1F, 0x62000D22, 0x62000DEF, 0x62001B18, 0x62000C1F,
0x62000C1F, 0x62000C1F, 0x62001FF1, 0x62001EFB, 0x62001A82, 0x62001A84, 0x62001A86, 0x62001A88,
0x62001A8A, 0x62001A8C, 0x6200117D, 0x6200117F, 0x62001FAB, 0x62001FAD, 0x62001FAF, 0x62001FB1,
0x62001A96, 0x62000CCA, 0x62000CCB, 0x62000CCC, 0x62001A8E, 0x62001A92, 0x62001A98, 0x620020C6,
0x62002185, 0x6200211C, 0x62002051, 0x6200218A, 0x62001A9A, 0x62001A9B, 0x62001A9F, 0x62000C1F,
0x62000C1F, 0x21B58014, 0x00000001, 0x21F83021, 0x00000000, 0x22F83022, 0x22F83023, 0x22F83024,
0x227BF03C, 0x225AF03C, 0x22085139, 0x227BD13A, 0x22BDD13B, 0x2200113B, 0x228C513D, 0x22739136,
0x2273B03E, 0x227BD13E, 0x2231B03E, 0x22D6B151, 0x22107154, 0x21CE5127, 0x00000001, 0x21083034,
0x00000000, 0x22B5B158, 0x22001102, 0x22003017, 0x6A000000, 0x328B8014, 0x21780001, 0x00000004,
0xA0000007, 0x6600008C, 0x21948103, 0x00000001, 0x32AC8014, 0x21780001, 0x00000004, 0xA0000007,
0x66000093, 0x21948203, 0x00000001, 0x2128F11F, 0x00000001, 0x2110311F, 0x00000004, 0x2128F120,
0x00000002, 0x21103120, 0x00000006, 0x21CCB120, 0x00000001, 0x21E73120, 0x00000000, 0x214A711B,
0x00000001, 0x21087115, 0x00000000, 0x2200311A, 0x216B7115, 0x00000001, 0x22633115, 0x225AF115,
0x2239F03C, 0x22C63151, 0x2110315B, 0x00000002, 0x6A000000, 0x52297EEC, 0x21780001, 0x00000001,
0xA0000001, 0x660000B5, 0x218BA014, 0x00000005, 0x228BA112, 0x5231BEEC, 0x21780001, 0x00000001,
0xA0000001, 0x660000BD, 0x218BA214, 0x00000005, 0x228BA312, 0x34C58000, 0x21FC0001, 0x00000001,
0xA0000008, 0x660000D4, 0xA0000007, 0x660000D4, 0x5239FEEC, 0x21780001, 0x00000001, 0xA0000001,
0x660000CC, 0x218BA414, 0x00000005, 0x228BA512, 0x52423EEC, 0x21780001, 0x00000001, 0xA0000001,
0x660000D4, 0x218BA614, 0x00000005, 0x228BA712, 0x68000069, 0x68000085, 0x41B4FEED, 0x00000005,
0x6A000000, 0x21683003, 0x00000036, 0x2173B003, 0x00000001, 0x219C800E, 0x00000001, 0x227B800E,
0x228C000E, 0x52E73F66, 0x21780001, 0x00000000, 0xA0000001, 0x660000FC, 0x325A2014, 0x21780001,
0x00000000, 0xA0000007, 0x660000F0, 0x325A2014, 0x21780001, 0x00000002, 0xA0000001, 0x660000FC,
0xA8014000, 0x30F80000, 0x42F822E8, 0xA8010000, 0x410862E8, 0x00000001, 0x30002033, 0x4210A2E8,
0xA8014000, 0x50F822E8, 0x22F80000, 0xA8010000, 0x52E73F58, 0x21780001, 0x00000000, 0xA0000001,
0x66000117, 0x325A2214, 0x21780001, 0x00000000, 0xA0000007, 0x6600010B, 0x325A2214, 0x21780001,
0x00000002, 0xA0000001, 0x66000117, 0xA8014000, 0x30F80100, 0x42F822E9, 0xA8010000, 0x410862E9,
0x00000001, 0x30002233, 0x4210A2E9, 0xA8014000, 0x50F822E9, 0x22F80100, 0xA8010000, 0x34C58000,
0x21FC0001, 0x00000001, 0xA0000008, 0x66000154, 0xA0000007, 0x66000154, 0x52E73F4A, 0x21780001,
0x00000000, 0xA0000001, 0x66000139, 0x325A2414, 0x21780001, 0x00000000, 0xA0000007, 0x6600012D,
0x325A2414, 0x21780001, 0x00000002, 0xA0000001, 0x66000139, 0xA8014000, 0x30F80200, 0x42F822EA,
0xA8010000, 0x410862EA, 0x00000001, 0x30002433, 0x4210A2EA, 0xA8014000, 0x50F822EA, 0x22F80200,
0xA8010000, 0x52E73F3C, 0x21780001, 0x00000000, 0xA0000001, 0x66000154, 0x325A2614, 0x21780001,
0x00000000, 0xA0000007, 0x66000148, 0x325A2614, 0x21780001, 0x00000002, 0xA0000001, 0x66000154,
0xA8014000, 0x30F80300, 0x42F822EB, 0xA8010000, 0x410862EB, 0x00000001, 0x30002633, 0x4210A2EB,
0xA8014000, 0x50F822EB, 0x22F80300, 0xA8010000, 0x68001FC7, 0x41B4FEED, 0x00000007, 0x21843010,
0x00000001, 0x228C710F, 0x6A000000, 0x215AE169, 0x00000000, 0x22002168, 0x22296169, 0x22632168,
0x225AE168, 0x2273A169, 0x2231A168, 0x2294A156, 0x227BE151, 0x226B6151, 0x2252A151, 0x2283A15A,
0x2239615C, 0x225AE151, 0x2120615A, 0x00000006, 0x2249A15B, 0x225A615C, 0x22C5A15A, 0x22E6A15B,
0x218BE15C, 0x00000001, 0x2273215C, 0x21CDA15B, 0x00000002, 0x325A2014, 0x21780001, 0x00000001,
0xA0000000, 0x24F8000B, 0x50F8218F, 0x50F8218F, 0x30F80004, 0x6C000000, 0x62000185, 0x6200019A,
0x620001B3, 0x620001F2, 0x620001E2, 0x620001F2, 0x620001F2, 0x2128E120, 0x00000002, 0x21002169,
0x00000001, 0x2252A115, 0x21102039, 0x00000000, 0x2139A118, 0x00000001, 0x226B6118, 0x21A4615A,
0x00000002, 0x21CDA15B, 0x00000000, 0x21282018, 0x00000012, 0x2150E039, 0x00000011, 0x21F3701C,
0x000055C0, 0x620001F2, 0x21002169, 0x00000001, 0x2252A115, 0x21102039, 0x00000000, 0x2121216B,
0x00000001, 0x2239A118, 0x226B6118, 0x22E72120, 0x22002123, 0x21282018, 0x00000012, 0x2150E039,
0x00000011, 0x21F3701C, 0x000055C0, 0x21A4615A, 0x00000004, 0x21CDA15B, 0x00000001, 0x21C5A15A,
0x00000007, 0x22E6A15B, 0x620001F2, 0x21002169, 0x00000000, 0x2252A115, 0x215AE168, 0x00000001,
0x2231A168, 0x2294A156, 0x21626119, 0x00000003, 0x21402119, 0x00000005, 0x22A4615A, 0x21DE2119,
0x00000008, 0x21BB6119, 0x00000001, 0x21D5E118, 0x00000003, 0x21B3A118, 0x00000004, 0x21C5A15A,
0x00000007, 0x22E6A15B, 0x215AE169, 0x00000001, 0x22002168, 0x22296169, 0x2210A115, 0x2218E115,
0x2139A118, 0x00000000, 0x21632118, 0x00000001, 0x2252A118, 0x226B6118, 0x22EF6120, 0x21102039,
0x00000000, 0x2128E018, 0x00000001, 0x21102018, 0x00000002, 0x2150E039, 0x00000011, 0x21F3701C,
0x00000700, 0x620001F2, 0x2128E120, 0x00000004, 0x21002169, 0x00000001, 0x2252A115, 0x21102039,
0x00000003, 0x2139A118, 0x00000001, 0x226B6118, 0x21282018, 0x00000012, 0x2150E039, 0x00000011,
0x21F3701C, 0x000055C0, 0x68000C41, 0x325A2014, 0x21780001, 0x00000002, 0xA0000001, 0x660001FB,
0x21CCA014, 0x00000053, 0x620001FD, 0x21CCA014, 0x00000043, 0x21D4A112, 0x000000FB, 0x2118E01C,
0x00000001, 0x52E73F04, 0x21780001, 0x00000000, 0xA0000001, 0x66000222, 0x21A5201F, 0x00000000,
0x2210A01C, 0x2210A11A, 0x2218E11B, 0x2210A11B, 0x22E72014, 0x22EF6112, 0x22D6A019, 0x22EF6019,
0x21D6A014, 0x00000001, 0x22DEE112, 0x22DEE014, 0x22E72112, 0x22EF6014, 0x22F7A112, 0x22CE6019,
0x325A2014, 0x21780001, 0x00000001, 0xA0000001, 0x66000222, 0x21EF6019, 0x00000001, 0x22D6A019,
0x22E72014, 0x22EF6112, 0x21DBA002, 0x00000000, 0x00000000, 0x217BF03C, 0x00000001, 0x225AF03C,
0x227BD13A, 0x22BDD13B, 0x2200113B, 0x228C513D, 0x21B51139, 0x00000006, 0x217B5139, 0x00000003,
0x21087034, 0x00000001, 0x22003034, 0x22B5B158, 0x2139D101, 0x00000000, 0x21291101, 0x00000001,
0x2220110E, 0x21281104, 0x00000004, 0x21381106, 0x00000080, 0x2171D107, 0x00000008, 0x2271D108,
0x21BD911A, 0x00000002, 0x21929117, 0x00000000, 0x21829116, 0x00000018, 0x21481116, 0x0000007A,
0x21AD1118, 0x00000002, 0x219C5118, 0x00000001, 0x2130111E, 0x00000034, 0x2148D118, 0x0000007F,
0x6A000000, 0xA8011000, 0x50FC22DC, 0x22384102, 0x50FC22DC, 0x22722017, 0x50FC22DC, 0x22386017,
0x505922E0, 0x2268012C, 0x505922E0, 0x22682029, 0xA8010000, 0x6A000000, 0x21DB8002, 0x00000000,
0x217BF03C, 0x00000001, 0x225AF03C, 0x68000225, 0x2173B03E, 0x00000001, 0x22737027, 0x225AF03E,
0x2231B03E, 0x227BD13E, 0x2273512A, 0x226B513E, 0x3218000D, 0x21780001, 0x00000001, 0xA0000000,
0x24F8000B, 0x50F8218F, 0x50F8218F, 0x30F80004, 0x6C000000, 0x62000281, 0x62000284, 0x62000289,
0x6200028E, 0x62000293, 0x62000298, 0x6200029D, 0x620002A2, 0x620002A7, 0x620002AC, 0x620002B1,
0x620002B5, 0x415922E0, 0x00000050, 0x620002B5, 0x41FC22DC, 0x00000005, 0x415922E0, 0x000000C0,
0x620002B5, 0x41FC22DC, 0x00000008, 0x415922E0, 0x00000078, 0x620002B5, 0x41FC22DC, 0x0000000A,
0x415922E0, 0x00000060, 0x620002B5, 0x41FC22DC, 0x00000014, 0x415922E0, 0x00000030, 0x620002B5,
0x41FC22DC, 0x0000001E, 0x415922E0, 0x00000020, 0x620002B5, 0x41FC22DC, 0x00000028, 0x415922E0,
0x00000018, 0x620002B5, 0x41FC22DC, 0x00000032, 0x415922E0, 0x00000013, 0x620002B5, 0x41FC22DC,
0x0000003C, 0x415922E0, 0x00000010, 0x620002B5, 0x41FC22DC, 0x00000046, 0x415922E0, 0x0000000E,
0x620002B5, 0x41FC22DC, 0x00000050, 0x415922E0, 0x0000000C, 0x68000251, 0x21631102, 0x00000FFF,
0x226B5102, 0x22421101, 0x224A5101, 0x228C5101, 0x22949101, 0x226B5101, 0x22739101, 0x22629101,
0x21001102, 0x00000001, 0x22003017, 0x41B4FEED, 0x00000003, 0x6A000000, 0x2110203F, 0x00000000,
0x2128203C, 0x00000002, 0x21002027, 0x00000001, 0x85632026, 0x00000001, 0x21FC0001, 0x00000002,
0x34582026, 0xA0000002, 0x2492602F, 0x2128203C, 0x00000000, 0x2128223C, 0x00000002, 0x21002027,
0x00000001, 0x85632026, 0x00000001, 0x21FC0001, 0x00000002, 0x34582026, 0xA0000002, 0x2492622F,
0x2128223C, 0x00000000, 0x6A000000, 0x21080139, 0x00000003, 0x21F80128, 0x64001F00, 0x88308139,
0x21000139, 0x00000000, 0x6A000000, 0x21940136, 0x00000007, 0x21AD4126, 0x00000001, 0x85948127,
0x00000001, 0x21AD4126, 0x00000000, 0x22948136, 0x6A000000, 0x21280141, 0x00000031, 0x21AD0141,
0x00000003, 0x21838141, 0x00000001, 0x21080139, 0x00000002, 0x2160412A, 0x000000E4, 0x21F80128,
0x04101F00, 0x6A000000, 0x21280141, 0x00000031, 0x21AC4141, 0x00000009, 0x21080139, 0x00000002,
0x2160412A, 0x000000E4, 0x21F80128, 0x040C1F00, 0x6A000000, 0x21280141, 0x00000021, 0x216AC141,
0x00000004, 0x21080139, 0x00000002, 0x2160412A, 0x000000E4, 0x21F80128, 0x040C1F00, 0x6A000000,
0x21280141, 0x00000021, 0x216AC141, 0x00000001, 0x21080139, 0x00000002, 0x2160412A, 0x000000E4,
0x21F80128, 0x040C1F00, 0x6A000000, 0x21280141, 0x00000039, 0x21418141, 0x00000002, 0x22080139,
0x2160412A, 0x000000E4, 0x21F80128, 0x040C1F00, 0x6A000000, 0x216B413E, 0x00000000, 0x21100141,
0x00000001, 0x2228C141, 0x22C58141, 0x2200012A, 0x85630129, 0x00000001, 0x30580129, 0x2291B030,
0x21FC0001, 0x00000002, 0x34580129, 0xA0000002, 0x24F8000B, 0x32F8000B, 0x21780001, 0x00000007,
0xA0000003, 0x24F83024, 0x2173813E, 0x00000001, 0x21100141, 0x00000000, 0x21E6C141, 0x00000001,
0x2200012A, 0x85630129, 0x00000001, 0x2173813E, 0x00000000, 0x21FC0001, 0x0000019A, 0x34580129,
0xA0000002, 0x24880013, 0x328C4013, 0x21780001, 0x00000001, 0xA0000007, 0x6600035C, 0x32840013,
0x21780001, 0x00000001, 0xA0000001, 0x66000364, 0x30880013, 0x42F822DC, 0x3091A030, 0x427022DD,
0x68000C63, 0x30F8000A, 0x22480117, 0x62000368, 0x32880013, 0x3491A030, 0xA0000003, 0x24480117,
0x34480117, 0x21FC0001, 0x000001CB, 0xA0000008, 0x66000374, 0xA0000007, 0x66000374, 0x41FC22DD,
0x00000000, 0x21480117, 0x0000007D, 0x620003BA, 0x34480117, 0x21FC0001, 0x000001A3, 0xA0000008,
0x66000395, 0xA0000007, 0x66000395, 0x21FC0001, 0x000001CB, 0x34480117, 0xA0000001, 0x44FC22DD,
0x21FC0001, 0x0000007A, 0x34480117, 0xA0000002, 0x24F8000B, 0x32F8000B, 0x21780001, 0x0000C7AE,
0xA0000001, 0x24880013, 0x32880013, 0x21780001, 0x00000019, 0xA0000003, 0x24F8000B, 0x21FC0001,
0x00000140, 0x34F8000B, 0xA0000001, 0x24480117, 0x620003BA, 0x34480117, 0x21FC0001, 0x00000117,
0xA0000008, 0x660003B6, 0xA0000007, 0x660003B6, 0x21FC0001, 0x000001CB, 0x34480117, 0xA0000001,
0x44FC22DD, 0x21FC0001, 0x000001A3, 0x34480117, 0xA0000001, 0x24F8000B, 0x21FC0001, 0x0000007A,
0x34F8000B, 0xA0000002, 0x24880013, 0x32880013, 0x21780001, 0x00000019, 0xA0000003, 0x24F8000B,
0x32F8000B, 0x21780001, 0x00000140, 0xA0000000, 0x24480117, 0x620003BA, 0x41FC22DD, 0x000000B4,
0x21480117, 0x000003EB, 0x32D64000, 0x21780001, 0x00000002, 0xA0000001, 0x660003C1, 0x30480117,
0x22480217, 0x2139C137, 0x00000001, 0x22294137, 0x22100141, 0x22524141, 0x21AD0141, 0x00000002,
0x2128C141, 0x00000006, 0x2100012A, 0x00000001, 0x85630129, 0x00000001, 0x216B413E, 0x00000001,
0x21FC0001, 0x00000011, 0x54FC22DD, 0xA0000002, 0x24F8000B, 0x32F8000B, 0x21780001, 0x00000064,
0xA0000003, 0x24F8000B, 0x21FC0001, 0x000001E6, 0x34F8000B, 0xA0000001, 0x44FC22DC, 0x21FC0001,
0x0000008C, 0x34580129, 0xA0000002, 0x24F8000B, 0x32F8000B, 0x3491A030, 0xA0000003, 0x44FC22DD,
0x21FC0001, 0x00000005, 0x54FC22DD, 0xA0000002, 0x44FC22DD, 0x54FC22DD, 0x52FC22DC, 0xA0000008,
0x660003F8, 0x52FC22DD, 0x54FC22DC, 0xA0000001, 0x44DCE2E1, 0x41E722E1, 0x00000001, 0x620003FE,
0x52FC22DC, 0x54FC22DD, 0xA0000001, 0x44DCE2E1, 0x41E722E1, 0x00000000, 0x6A000000, 0x21F7811A,
0x00000000, 0x80000002, 0x21F7811A, 0x00000001, 0x22EF411A, 0x21FFC11A, 0x00000000, 0x41FC22DC,
0x00000001, 0x3250010D, 0x54FC22DC, 0xA000000A, 0x2450010D, 0x32B8011B, 0x54FC22DC, 0xA000000A,
0x24B8011B, 0x6A000000, 0x217B8134, 0x00000000, 0x21300133, 0x00000045, 0x52E722E1, 0x347B8134,
0xA0000001, 0x66000428, 0x54DCE2E1, 0x32300133, 0xA0000008, 0x66000424, 0xA0000007, 0x66000424,
0x21590112, 0x00000040, 0x227A0111, 0x62000435, 0x21590112, 0x00000050, 0x227A0111, 0x62000435,
0x54DCE2E1, 0x32300133, 0xA0000008, 0x66000432, 0xA0000007, 0x66000432, 0x21590112, 0x000000A0,
0x227A0111, 0x62000435, 0x21590112, 0x00000080, 0x227A0111, 0x6A000000, 0x68000CA3, 0x80006710,
0x85A50103, 0x00000001, 0x21000103, 0x00000000, 0x80000005, 0x21000103, 0x00000001, 0x80000032,
0x6A000000, 0x21DB8002, 0x00000000, 0x50F822E2, 0x42F822DC, 0x3048010C, 0x427022DD, 0x68000C63,
0x30F8000A, 0x42F822DC, 0x30CA810C, 0x427022DD, 0x68000C63, 0x34F8000A, 0x21FC0001, 0x00000514,
0xA0000008, 0x66000456, 0xA0000007, 0x66000456, 0x21F8000A, 0x00000514, 0x30D2C133, 0x22DB8002,
0x30F8000A, 0x42AAC000, 0x21DB8002, 0x00000000, 0x50F822E3, 0x42F822DC, 0x3048010C, 0x427022DD,
0x68000C63, 0x34F8000A, 0x21FC0001, 0x00000514, 0xA0000008, 0x6600046A, 0xA0000007, 0x6600046A,
0x21F8000A, 0x00000514, 0x30D2C133, 0x22DB8002, 0x30F8000A, 0x42500000, 0x21DB8002, 0x00000000,
0x50F822E4, 0x42F822DC, 0x30CA810C, 0x427022DD, 0x68000C63, 0x34F8000A, 0x21FC0001, 0x000000FF,
0xA0000008, 0x6600047E, 0xA0000007, 0x6600047E, 0x21F8000A, 0x000000FF, 0x30D2C133, 0x22DB8002,
0x30F8000A, 0x42ED8000, 0x30D8010A, 0x42D80001, 0x30C24113, 0x42780002, 0x21DB8002, 0x00000000,
0x6A000000, 0x21DB8002, 0x00000000, 0x50F822E5, 0x42F822DC, 0x3048020C, 0x427022DD, 0x68000C63,
0x30F8000A, 0x42F822DC, 0x30CA820C, 0x427022DD, 0x68000C63, 0x34F8000A, 0x21FC0001, 0x00000514,
0xA0000008, 0x6600049E, 0xA0000007, 0x6600049E, 0x21F8000A, 0x00000514, 0x30D2C233, 0x22DB8002,
0x30F8000A, 0x42AAC000, 0x21DB8002, 0x00000000, 0x50F822E6, 0x42F822DC, 0x3048020C, 0x427022DD,
0x68000C63, 0x34F8000A, 0x21FC0001, 0x00000514, 0xA0000008, 0x660004B2, 0xA0000007, 0x660004B2,
0x21F8000A, 0x00000514, 0x30D2C233, 0x22DB8002, 0x30F8000A, 0x42500000, 0x21DB8002, 0x00000000,
0x50F822E7, 0x42F822DC, 0x30CA820C, 0x427022DD, 0x68000C63, 0x34F8000A, 0x21FC0001, 0x000000FF,
0xA0000008, 0x660004C6, 0xA0000007, 0x660004C6, 0x21F8000A, 0x000000FF, 0x30D2C233, 0x22DB8002,
0x30F8000A, 0x42ED8000, 0x30D8020A, 0x42D80001, 0x30C24213, 0x42780002, 0x21DB8002, 0x00000000,
0x6A000000, 0x328B8014, 0x21780001, 0x00000000, 0xA0000001, 0x660004D9, 0x21180134, 0x00000000,
0x68000F0B, 0x5294BF74, 0x21780001, 0x00000000, 0xA0000001, 0x660004E3, 0x680003FF, 0x68000412,
0x68000436, 0x68000441, 0x620004E6, 0x68000412, 0x68000436, 0x68000441, 0x328B8014, 0x21780001,
0x00000000, 0xA0000001, 0x660004FF, 0x219CC103, 0x00000000, 0x85A50103, 0x00000000, 0x21180134,
0x00000003, 0x68000F0B, 0x5294BF74, 0x21780001, 0x00000000, 0xA0000001, 0x660004FC, 0x680003FF,
0x68000412, 0x68000436, 0x68000441, 0x620004FF, 0x68000412, 0x68000436, 0x68000441, 0x21EF411A,
0x00000000, 0x22F7811A, 0x32B8011B, 0x21780001, 0x00000001, 0xA0000009, 0x24B8011B, 0x6A000000,
0x32AC8014, 0x21780001, 0x00000000, 0xA0000001, 0x66000510, 0x21180234, 0x00000000, 0x6800102F,
0x5294BF76, 0x21780001, 0x00000000, 0xA0000001, 0x6600051C, 0xA8010100, 0x680003FF, 0x68000412,
0x68000436, 0xA8010000, 0x68000489, 0x62000521, 0xA8010100, 0x68000412, 0x68000436, 0xA8010000,
0x68000489, 0x32AC8014, 0x21780001, 0x00000000, 0xA0000001, 0x6600053E, 0x219CC203, 0x00000000,
0x85A50203, 0x00000000, 0x21180234, 0x00000003, 0x6800102F, 0x5294BF76, 0x21780001, 0x00000000,
0xA0000001, 0x66000539, 0xA8010100, 0x680003FF, 0x68000412, 0x68000436, 0xA8010000, 0x68000489,
0x6200053E, 0xA8010100, 0x68000412, 0x68000436, 0xA8010000, 0x68000489, 0x21EF421A, 0x00000000,
0x22F7821A, 0x32B8021B, 0x21780001, 0x00000001, 0xA0000009, 0x24B8021B, 0x6A000000, 0x21100141,
0x00000004, 0x21080139, 0x00000002, 0x21F7813F, 0x00000001, 0x2108013E, 0x00000000, 0x2100012A,
0x00000001, 0x85630129, 0x00000001, 0x21FC0001, 0x00000098, 0x34580129, 0xA0000002, 0x24F8000B,
0x32F8000B, 0x21780001, 0x000003E8, 0xA0000003, 0x24F8000B, 0x32F8000B, 0x21780001, 0x0000000E,
0xA0000001, 0x44FC22DC, 0x50FC22DC, 0x2262716B, 0x6A000000, 0x216B413E, 0x00000000, 0x225AE03E,
0x21100141, 0x00000005, 0x21080139, 0x00000002, 0x21F6813F, 0x00000000, 0x8000000A, 0x2108013E,
0x00000001, 0x21CD413F, 0x00000002, 0x2100012A, 0x00000001, 0x85630129, 0x00000001, 0x30580129,
0x42FC22DC, 0x21CD413F, 0x0000000C, 0x2100012A, 0x00000001, 0x85630129, 0x00000001, 0x30580129,
0x42FC22DD, 0x52FC22DC, 0x54FC22DD, 0xA0000001, 0x24F8000B, 0x21FC0001, 0x0000003C, 0x34F8000B,
0xA0000002, 0x447822DC, 0x21FC0001, 0x0000000A, 0x54FC22DD, 0xA0000002, 0x24F8000B, 0x21FC0001,
0x00000005, 0x54FC22DC, 0xA0000002, 0x24F8000A, 0x32F8000B, 0x34F8000A, 0xA0000001, 0x24F8000B,
0x21FC0001, 0x000001F5, 0x34F8000B, 0xA0000001, 0x447822DD, 0x527822DC, 0x547822DD, 0xA0000003,
0x447822DC, 0x527822DC, 0x21780001, 0x00000005, 0xA0000008, 0x660005A9, 0x417822DC, 0x00000000,
0x620005AE, 0x527822DC, 0x21780001, 0x00000005, 0xA0000001, 0x447822DC, 0x547822DC, 0x21FC0001,
0x00000008, 0xA0000008, 0x660005B8, 0x527822DC, 0x21780001, 0x00000004, 0xA0000000, 0x447822DC,
0x507822DC, 0x2238F036, 0x507822DC, 0x22EE702F, 0x2108013E, 0x00000000, 0x22100141, 0x216B413E,
0x00000001, 0x225AE03E, 0x21623036, 0x0000000E, 0x6A000000, 0x21606027, 0x0000011D, 0x21F82025,
0x04040700, 0x2110203F, 0x00000000, 0x226AE03F, 0x2228C43C, 0x2210043C, 0x2128E03C, 0x00000002,
0x887B203C, 0x2128E03C, 0x00000000, 0x2128E23C, 0x00000002, 0x887B223C, 0x2128E23C, 0x00000000,
0x6A000000, 0x21606027, 0x00000132, 0x21F82025, 0x04040700, 0x2110203C, 0x00000002, 0x885A203C,
0x2110203C, 0x00000000, 0x2110223C, 0x00000002, 0x885A223C, 0x2110223C, 0x00000000, 0x6A000000,
0x2110A032, 0x00000001, 0x2210A232, 0x2110203F, 0x00000000, 0x216AE03F, 0x00000001, 0x21606027,
0x000000E4, 0x21F82025, 0x04101F00, 0x8820203D, 0x3020203D, 0x2220223D, 0x216AE03F, 0x00000000,
0x6A000000, 0x2150143A, 0x00000041, 0x21108432, 0x00000001, 0x21606027, 0x000000E4, 0x21F82025,
0x040C1F00, 0x2110203F, 0x00000004, 0x8872A03D, 0x2110203F, 0x00000006, 0x8872A23D, 0x2110043A,
0x00000000, 0x6A000000, 0x2150143A, 0x00000048, 0x325A2014, 0x21780001, 0x00000002, 0xA0000001,
0x66000614, 0x21606027, 0x000000E3, 0x6200061E, 0x325A2014, 0x21780001, 0x00000000, 0xA0000001,
0x6600061C, 0x21606027, 0x000000FA, 0x6200061E, 0x21606027, 0x000000F2, 0x21F82025, 0x040C1F00,
0x2110203F, 0x00000004, 0x889BE03D, 0x2110203F, 0x00000006, 0x889BE23D, 0x2128C43A, 0x00000000,
0x6A000000, 0x215A4567, 0x00000001, 0x22628566, 0x2210A032, 0x21606027, 0x000000E4, 0x21F82025,
0x04111F00, 0x2110203F, 0x00000005, 0x8849603D, 0x2110203F, 0x00000007, 0x8849623D, 0x21628566,
0x00000000, 0x225A4567, 0x6A000000, 0x21310566, 0x00000001, 0x2140C567, 0x00000009, 0x219CC559,
0x00000000, 0x22840559, 0x218C4559, 0x00000001, 0x21948559, 0x00000000, 0x225AE03E, 0x680002C6,
0x3292602F, 0x34F82024, 0xA0000001, 0x24606027, 0x21F82025, 0x04030700, 0x215A4567, 0x00000004,
0x2110203F, 0x00000005, 0x885A2159, 0x305A2159, 0x227B2159, 0x3292622F, 0x34F82024, 0xA0000001,
0x24606027, 0x2110203F, 0x00000007, 0x885A2359, 0x305A2359, 0x227B2359, 0x21948559, 0x00000001,
0x225AE03E, 0x6A000000, 0x215A4567, 0x00000002, 0x2149C566, 0x00000007, 0x218C4551, 0x00000001,
0x22948551, 0x21606027, 0x00000038, 0x21F82025, 0x14080F00, 0x2110203F, 0x00000005, 0x88E6615A,
0x2110203F, 0x00000007, 0x88E6635A, 0x2149C566, 0x00000000, 0x6A000000, 0x21940551, 0x00000007,
0x219CC559, 0x00000001, 0x21084557, 0x00000000, 0x22AD455A, 0x225AE03E, 0x21184566, 0x00000001,
0x21310566, 0x00000002, 0x2140C567, 0x00000009, 0x215A4567, 0x00000000, 0x2129603E, 0x00000001,
0x2118603E, 0x00000002, 0x800001F4, 0x3200203E, 0x21780001, 0x00000000, 0xA0000001, 0x66000693,
0x215A6167, 0x00000004, 0x62000695, 0x215A6167, 0x00000005, 0x2118603E, 0x00000004, 0x800001F4,
0x3200203E, 0x21780001, 0x00000000, 0xA0000001, 0x660006A0, 0x215A6367, 0x00000004, 0x620006A2,
0x215A6367, 0x00000005, 0x2118603E, 0x00000000, 0x21F82025, 0x14000F00, 0x3292602F, 0x34F82024,
0xA0000001, 0x24606027, 0x2110203F, 0x00000005, 0x8841615A, 0x21F82025, 0x14000F00, 0x3292622F,
0x34F82024, 0xA0000001, 0x24606027, 0x2110203F, 0x00000007, 0x8841635A, 0x215AE03E, 0x00000001,
0x6A000000, 0x215A4567, 0x00000000, 0x2129603E, 0x00000001, 0x21F82025, 0x64001F00, 0x21184566,
0x00000001, 0x21310566, 0x00000002, 0x2140C567, 0x00000009, 0x2118603E, 0x00000002, 0x886A615A,
0x21F82025, 0x64001F00, 0x2118603E, 0x00000004, 0x886A635A, 0x6A000000, 0x21738551, 0x00000001,
0x2100055A, 0x00000000, 0x21184566, 0x00000002, 0x22310566, 0x2140C567, 0x00000009, 0x215A4567,
0x00000000, 0x2129603E, 0x00000001, 0x215AE03E, 0x00000000, 0x2118603E, 0x00000002, 0x800001F4,
0x3200203E, 0x21780001, 0x00000000, 0xA0000001, 0x660006E8, 0x215A6167, 0x00000004, 0x620006EA,
0x215A6167, 0x00000005, 0x2118603E, 0x00000004, 0x800001F4, 0x3200203E, 0x21780001, 0x00000000,
0xA0000001, 0x660006F5, 0x215A6367, 0x00000004, 0x620006F7, 0x215A6367, 0x00000005, 0x2118603E,
0x00000000, 0x21F82025, 0x14000F00, 0x3292602F, 0x34F82024, 0xA0000001, 0x24606027, 0x2110203F,
0x00000005, 0x886AA15B, 0x21F82025, 0x14000F00, 0x3292622F, 0x34F82024, 0xA0000001, 0x24606027,
0x2110203F, 0x00000007, 0x886AA35B, 0x215AE03E, 0x00000001, 0x6A000000, 0x21F82025, 0x64001F00,
0x21184566, 0x00000002, 0x2218603E, 0x8893A15B, 0x21F82025, 0x64001F00, 0x2118603E, 0x00000004,
0x8893A35B, 0x6A000000, 0x21630551, 0x00000001, 0x21084557, 0x00000000, 0x2242055C, 0x2294855C,
0x219CC559, 0x00000001, 0x21DEC551, 0x00000000, 0x21184566, 0x00000003, 0x21310566, 0x00000002,
0x2140C567, 0x00000009, 0x215A4567, 0x00000000, 0x2129603E, 0x00000001, 0x215AE03E, 0x00000000,
0x2118603E, 0x00000002, 0x800001F4, 0x3200203E, 0x21780001, 0x00000000, 0xA0000001, 0x6600073B,
0x215A6167, 0x00000004, 0x6200073D, 0x215A6167, 0x00000005, 0x2118603E, 0x00000004, 0x800001F4,
0x3200203E, 0x21780001, 0x00000000, 0xA0000001, 0x66000748, 0x215A6367, 0x00000004, 0x6200074A,
0x215A6367, 0x00000005, 0x2118603E, 0x00000000, 0x21F82025, 0x14000F00, 0x3292602F, 0x34F82024,
0xA0000001, 0x24606027, 0x2110203F, 0x00000005, 0x88CDA15C, 0x21F82025, 0x14000F00, 0x3292622F,
0x34F82024, 0xA0000001, 0x24606027, 0x2110203F, 0x00000007, 0x88CDA35C, 0x215AE03E, 0x00000001,
0x6A000000, 0x21F82025, 0x64001F00, 0x21184566, 0x00000003, 0x21310566, 0x00000002, 0x2140C567,
0x00000009, 0x215A4567, 0x00000000, 0x2129603E, 0x00000001, 0x2118603E, 0x00000002, 0x8820215C,
0x2118603E, 0x00000004, 0x8820235C, 0x6A000000, 0x509C22DC, 0x22D68551, 0x50BD22DC, 0x22210551,
0x50DE22DC, 0x2218C551, 0x50FF22DC, 0x22420551, 0x21F82025, 0x14000F00, 0x215AE03E, 0x00000000,
0x225A4567, 0x2140C567, 0x0000001B, 0x21AC8567, 0x00000001, 0x2118603E, 0x00000002, 0x800001F4,
0x3200203E, 0x21780001, 0x00000000, 0xA0000001, 0x66000790, 0x215A6167, 0x00000004, 0x62000792,
0x215A6167, 0x00000005, 0x2118603E, 0x00000004, 0x800001F4, 0x3200203E, 0x21780001, 0x00000000,
0xA0000001, 0x6600079D, 0x215A6367, 0x00000004, 0x6200079F, 0x215A6367, 0x00000005, 0x2118603E,
0x00000000, 0x21FC0001, 0x00000003, 0x3491A030, 0xA0000002, 0x24F8000B, 0x32F8000B, 0x21780001,
0x0000000E, 0xA0000003, 0x24F8000B, 0x3292602F, 0x34F8000B, 0xA0000001, 0x24606027, 0x2110203F,
0x00000005, 0x8883616B, 0x21F82025, 0x14000F00, 0x21FC0001, 0x00000003, 0x3491A030, 0xA0000002,
0x24F8000B, 0x32F8000B, 0x21780001, 0x0000000E, 0xA0000003, 0x24F8000B, 0x3292622F, 0x34F8000B,
0xA0000001, 0x24606027, 0x2110203F, 0x00000007, 0x8883636B, 0x215AE03E, 0x00000001, 0x2110203F,
0x00000000, 0x2218603E, 0x225A4567, 0x2240C567, 0x22310566, 0x22184566, 0x6A000000, 0x21BDE029,
0x00000001, 0x22D68551, 0x22210551, 0x2218C551, 0x21420551, 0x00000000, 0x225A4567, 0x21AC8567,
0x00000001, 0x2128C567, 0x00000003, 0x22418567, 0x21F82025, 0x64003F00, 0x2118603E, 0x00000002,
0x8828216A, 0x21F82025, 0x64003F00, 0x2118603E, 0x00000004, 0x8828236A, 0x525AFF05, 0x21780001,
0x00000000, 0xA0000001, 0x660007F7, 0x21AC8567, 0x00000003, 0x21F82025, 0x64003F00, 0x2118603E,
0x00000002, 0x88B4616B, 0x21F82025, 0x64003F00, 0x2118603E, 0x00000004, 0x88B4636B, 0x21BDE029,
0x00000000, 0x22AC8567, 0x6A000000, 0x215A4567, 0x00000000, 0x2129603E, 0x00000001, 0x21F82025,
0x5855AA00, 0x21AC8567, 0x00000001, 0x21418567, 0x00000003, 0x21FEC567, 0x00000001, 0x21D58567,
0x0000001F, 0x2128C567, 0x00000004, 0x2118603E, 0x00000002, 0x88382145, 0x21F82025, 0x5855AA00,
0x2118603E, 0x00000004, 0x88382345, 0x21E72025, 0x00000000, 0x2128C567, 0x00000003, 0x21FEC567,
0x00000002, 0x21D58567, 0x0000001F, 0x21418567, 0x00000005, 0x21F82025, 0x4855AA00, 0x2118603E,
0x00000002, 0x887A2145, 0x21F82025, 0x4855AA00, 0x2118603E, 0x00000004, 0x887A2345, 0x6A000000,
0x2110203F, 0x00000001, 0x2218603E, 0x21F82025, 0x5855AA00, 0x21AC8567, 0x00000001, 0x21418567,
0x00000003, 0x22FEC567, 0x21D58567, 0x0000001F, 0x2128C567, 0x00000004, 0x2118603E, 0x00000002,
0x88FE2146, 0x21AC8567, 0x00000003, 0x21FEE167, 0x00000005, 0x887A2146, 0x21AC8567, 0x00000001,
0x2118603E, 0x00000004, 0x88FE2346, 0x21AC8567, 0x00000003, 0x21FEE367, 0x00000005, 0x887A2346,
0x21E72025, 0x00000000, 0x2128C567, 0x00000003, 0x21FEC567, 0x00000004, 0x21D58567, 0x0000001F,
0x21418567, 0x00000005, 0x21AC8567, 0x00000001, 0x2118603E, 0x00000002, 0x88BC2146, 0x21AC8567,
0x00000003, 0x21FEE167, 0x00000006, 0x88382146, 0x21AC8567, 0x00000001, 0x2118603E, 0x00000004,
0x88BC2346, 0x21AC8567, 0x00000003, 0x21FEE367, 0x00000006, 0x88382346, 0x6A000000, 0x21D58567,
0x00000011, 0x8869E141, 0x21D58567, 0x00000012, 0x88302141, 0x21D58567, 0x00000013, 0x8869E142,
0x21D58567, 0x00000014, 0x88302142, 0x21D58567, 0x00000015, 0x88DD6142, 0x21D58567, 0x00000016,
0x88A3A142, 0x21D58567, 0x00000017, 0x88DD6143, 0x21D58567, 0x00000018, 0x88A3A143, 0x21D58567,
0x00000019, 0x8869E143, 0x21D58567, 0x0000001A, 0x88DD6144, 0x21D58567, 0x0000001B, 0x88302143,
0x21D58567, 0x0000001C, 0x88A3A144, 0x21D58567, 0x0000001D, 0x8869E144, 0x21D58567, 0x0000001E,
0x88302144, 0x6A000000, 0x21AC8567, 0x00000001, 0x2128C567, 0x00000003, 0x21418567, 0x00000005,
0x2129603E, 0x00000001, 0x21F82025, 0x482A7F00, 0x2118603E, 0x00000002, 0x68000867, 0x2118603E,
0x00000004, 0xA8010200, 0x68000867, 0xA8010000, 0x6A000000, 0x2139E115, 0x00000001, 0x2200213B,
0x85F7A13B, 0x00000001, 0x2100213B, 0x00000000, 0x2239E115, 0x6A000000, 0x68000C36, 0x5239FF05,
0x21780001, 0x00000000, 0xA0000001, 0x66000959, 0x21086115, 0x00000000, 0x21ACE11C, 0x00000005,
0x21A4E156, 0x00000002, 0x21002115, 0x00000001, 0x22086115, 0x21842151, 0x00000000, 0x2273A151,
0x225A615C, 0x219CE159, 0x00000001, 0x2218E13B, 0x2252A13B, 0x21D4E13B, 0x00000083, 0x2192E13B,
0x0000007D, 0x2118E16B, 0x00000001, 0x2210A13B, 0x21FC0001, 0x00000003, 0x3418214C, 0xA0000002,
0x24DBA102, 0x3078213D, 0x427822EC, 0x30F8213E, 0x42F822ED, 0x30F8213F, 0x42F822EE, 0x2131A16A,
0x00000001, 0x22BDE16B, 0x217A213D, 0x0000007D, 0x2238213D, 0x2149A13B, 0x00000004, 0x217A213E,
0x00000023, 0x680008A5, 0x307A213E, 0x427A22ED, 0x217A213D, 0x00000083, 0x2238213D, 0x2149A13B,
0x00000005, 0x2138213E, 0x00000023, 0x680008A5, 0x3038213E, 0x423822ED, 0x507822EC, 0x2278213D,
0x21FE213E, 0x00000083, 0x22BC213E, 0x2149A13B, 0x00000007, 0x21BC213F, 0x00000023, 0x680008A5,
0x30BC213F, 0x42BC22EE, 0x21FE213E, 0x0000007D, 0x22BC213E, 0x2149A13B, 0x00000006, 0x21FE213F,
0x00000023, 0x680008A5, 0x30FE213F, 0x42FE22EE, 0x50F822ED, 0x22F8213E, 0x21FE213F, 0x00000083,
0x22BC213F, 0x2131A16A, 0x00000001, 0x22BDE16B, 0x2249A13B, 0x2138213D, 0x00000023, 0x680008A5,
0x21FE213F, 0x0000007D, 0x22BC213F, 0x2149A13B, 0x00000000, 0x217A213D, 0x00000023, 0x680008A5,
0x50F822EE, 0x22F8213F, 0x217A213E, 0x00000083, 0x2238213E, 0x2149A13B, 0x00000003, 0x21BC213E,
0x00000023, 0x680008A5, 0x30BC213E, 0x42BC22ED, 0x217A213E, 0x0000007D, 0x2238213E, 0x2149A13B,
0x00000002, 0x21FE213E, 0x00000023, 0x680008A5, 0x30FE213E, 0x42FE22ED, 0x50F822ED, 0x22F8213E,
0x21BDE16B, 0x00000001, 0x22086154, 0x22086153, 0x2210A154, 0x2210A153, 0x2218E153, 0x2218E154,
0x2210A155, 0x2178213F, 0x23232323, 0x22F82140, 0x2149A13B, 0x00000008, 0x680008A5, 0x2149A13B,
0x00000009, 0x680008A5, 0x2149A13B, 0x0000000A, 0x680008A5, 0x2149A13B, 0x0000000B, 0x680008A5,
0x2149A13B, 0x0000000C, 0x680008A5, 0x2149A13B, 0x0000000D, 0x680008A5, 0x215A615C, 0x00000007,
0x21842151, 0x00000001, 0x2273A151, 0x219CE159, 0x00000000, 0x2231A16A, 0x22BDE16B, 0x2252A13B,
0x2230614B, 0x21DBA102, 0x00000000, 0x22086115, 0x80000004, 0x22002115, 0x2218E13B, 0x00000000,
0x215A4567, 0x00000002, 0x21000569, 0x00000001, 0x218C0556, 0x00000003, 0x21606027, 0x00000028,
0x21F82025, 0x04000700, 0x2149C566, 0x00000004, 0x2110203F, 0x00000005, 0x886AE156, 0x2110203F,
0x00000007, 0x886AE356, 0x2110203F, 0x00000000, 0x2249C566, 0x6A000000, 0x218BC567, 0x00000001,
0x21310566, 0x00000003, 0x2128C567, 0x00000001, 0x22418567, 0x2110203F, 0x00000000, 0x2129603E,
0x00000001, 0x225AC569, 0x22108515, 0x2218C515, 0x2231843E, 0x2229443E, 0x229CC559, 0x215AC568,
0x00000000, 0x22318568, 0x2228E03F, 0x21F82025, 0x64001F00, 0x2118603E, 0x00000002, 0x88286168,
0x21F82025, 0x64001F00, 0x2118603E, 0x00000004, 0x88286368, 0x219CC559, 0x00000000, 0x225AC569,
0x6A000000, 0x21738569, 0x00000001, 0x225AC569, 0x22000568, 0x22630568, 0x225AC568, 0x21318568,
0x00000000, 0x22948556, 0x2251C568, 0x22A52029, 0x21B56029, 0x00000002, 0x21F82025, 0x14070F00,
0x21FFA025, 0x00000002, 0x216B0569, 0x00000000, 0x22A52029, 0x88B4E169, 0x21A52029, 0x00000001,
0x88B4E369, 0x216B0569, 0x00000002, 0x21A52029, 0x00000000, 0x8893E169, 0x21A52029, 0x00000001,
0x8893E369, 0x216B0569, 0x00000001, 0x21A52029, 0x00000000, 0x88F6E169, 0x21A52029, 0x00000001,
0x88F6E369, 0x216B0569, 0x00000003, 0x21A52029, 0x00000000, 0x88D5E169, 0x21A52029, 0x00000001,
0x88D5E369, 0x21630568, 0x00000000, 0x21318568, 0x00000001, 0x2151C568, 0x00000007, 0x21738569,
0x00000000, 0x2218C515, 0x80000005, 0x22108515, 0x225AC568, 0x22000568, 0x225AC569, 0x6A000000,
0x21000566, 0x00000001, 0x2140C567, 0x00000012, 0x215A7167, 0x00000000, 0x2129603E, 0x00000001,
0x21189559, 0x00000003, 0x21296115, 0x00000001, 0x22212115, 0x22296315, 0x22212315, 0x218A612F,
0x00000000, 0x2240212F, 0x217A6121, 0x00000010, 0x21FE612C, 0x00000000, 0x62000A14, 0x21F82025,
0x44000F00, 0x2118603E, 0x00000002, 0x800001F4, 0x3200203E, 0x21780001, 0x00000001, 0xA0000001,
0x660009FD, 0x21E72025, 0x00000001, 0x888BA157, 0x62000A00, 0x21E72025, 0x00000000, 0x886AA157,
0x328A612F, 0x348BA157, 0xA0000000, 0x248A612F, 0x3240212F, 0x346AA157, 0xA0000000, 0x2440212F,
0x218BA157, 0x00000000, 0x226AA157, 0x21842121, 0x00000001, 0x85842121, 0x00000000, 0x32FE612C,
0x21780001, 0x00000001, 0xA0000000, 0x24FE612C, 0x34FE612C, 0x21FC0001, 0x00000008, 0xA0000008,
0x660009EF, 0x348A612F, 0x3240212F, 0xA0000008, 0x66000A29, 0xA0000007, 0x66000A29, 0x328A612F,
0x3440212F, 0xA0000001, 0x24F8000B, 0x32F8000B, 0x21780001, 0x00000003, 0xA000000A, 0x248BA157,
0x62000A32, 0x3240212F, 0x348A612F, 0xA0000001, 0x24F8000B, 0x32F8000B, 0x21780001, 0x00000003,
0xA000000A, 0x246AA157, 0x308BA157, 0x2249A157, 0x306AA157, 0x2228A157, 0x218A612F, 0x00000000,
0x2240212F, 0x217A6321, 0x00000010, 0x21FE612C, 0x00000000, 0x62000A63, 0x21F82025, 0x44000F00,
0x2118603E, 0x00000004, 0x800001F4, 0x3200203E, 0x21780001, 0x00000001, 0xA0000001, 0x66000A4C,
0x21E72025, 0x00000001, 0x888BA357, 0x62000A4F, 0x21E72025, 0x00000000, 0x886AA357, 0x328A612F,
0x348BA357, 0xA0000000, 0x248A612F, 0x3240212F, 0x346AA357, 0xA0000000, 0x2440212F, 0x218BA357,
0x00000000, 0x226AA357, 0x21842321, 0x00000001, 0x85842321, 0x00000000, 0x32FE612C, 0x21780001,
0x00000001, 0xA0000000, 0x24FE612C, 0x34FE612C, 0x21FC0001, 0x00000008, 0xA0000008, 0x66000A3E,
0x348A612F, 0x3240212F, 0xA0000008, 0x66000A78, 0xA0000007, 0x66000A78, 0x328A612F, 0x3440212F,
0xA0000001, 0x24F8000B, 0x32F8000B, 0x21780001, 0x00000003, 0xA000000A, 0x248BA357, 0x62000A81,
0x3240212F, 0x348A612F, 0xA0000001, 0x24F8000B, 0x32F8000B, 0x21780001, 0x00000003, 0xA000000A,
0x246AA357, 0x308BA357, 0x2249A357, 0x306AA357, 0x2228A357, 0x2128C567, 0x00000000, 0x22418567,
0x21189559, 0x00000000, 0x21212115, 0x00000000, 0x22212315, 0x228A612F, 0x2240212F, 0x22FE612C,
0x6A000000, 0x32A52025, 0x21780001, 0x00000001, 0xA0000006, 0x24212224, 0x32A52025, 0x21780001,
0x00000000, 0xA0000001, 0x66000AA1, 0x329C2025, 0x21780001, 0x0000000F, 0xA0000006, 0x24182224,
0x62000AA3, 0x309C2025, 0x22182224, 0x32002224, 0x34086224, 0xA0000006, 0x24002224, 0x32086224,
0x3410A224, 0xA0000006, 0x24086224, 0x3210A224, 0x3418E224, 0xA0000006, 0x2410A224, 0x6A000000,
0x218BC567, 0x00000001, 0x21310566, 0x00000003, 0x2140C567, 0x00000009, 0x2138042E, 0x00000001,
0x2229603E, 0x21F82025, 0x54001F00, 0x21AC6033, 0x00000000, 0x21EC2028, 0x000007D0, 0x2118603E,
0x00000001, 0x68000A91, 0x30202224, 0x22AC6033, 0x218C6026, 0x00000001, 0x68000A91, 0x30202224,
0x22AC6033, 0x3294A026, 0x21780001, 0x00000000, 0xA0000007, 0x66000AC6, 0x68000A91, 0x30202224,
0x22AC6033, 0x218C6026, 0x00000000, 0x2118603E, 0x00000003, 0x21F82025, 0x54001F00, 0x21AC6233,
0x00000000, 0x68000A91, 0x30202224, 0x22AC6233, 0x218C6026, 0x00000001, 0x68000A91, 0x30202224,
0x22AC6233, 0x3294A026, 0x21780001, 0x00000000, 0xA0000007, 0x66000ADE, 0x68000A91, 0x30202224,
0x22AC6233, 0x218C6026, 0x00000000, 0x21EC2028, 0x00000064, 0x2138042E, 0x00000000, 0x6A000000,
0x680002F5, 0x8830813B, 0x21838141, 0x00000000, 0x68000302, 0x8872813A, 0x219C4141, 0x00000000,
0x6800030D, 0x8883013B, 0x68000318, 0x88AC413B, 0x216AC141, 0x00000000, 0x68000323, 0x8883013D,
0x21418141, 0x00000000, 0x6A000000, 0x680005C5, 0x680005D9, 0x00000000, 0x68000C41, 0x52D6BF05,
0x21780001, 0x00000000, 0xA0000001, 0x66000B0D, 0x680005E8, 0x52CE7F05, 0x21780001, 0x00000000,
0xA0000001, 0x66000B13, 0x680005F9, 0x52C63F05, 0x21780001, 0x00000000, 0xA0000001, 0x66000B19,
0x6800060A, 0x52BDFF05, 0x21780001, 0x00000000, 0xA0000001, 0x66000B1F, 0x68000629, 0x2131A02F,
0x00000001, 0x859CE02F, 0x00000001, 0x52B5BF05, 0x21780001, 0x00000000, 0xA0000001, 0x66000B29,
0x6800063B, 0x52AD7F05, 0x21780001, 0x00000000, 0xA0000001, 0x66000B2F, 0x68000662, 0x52A53F05,
0x21780001, 0x00000000, 0xA0000001, 0x66000B35, 0x68000676, 0x529CFF05, 0x21780001, 0x00000000,
0xA0000001, 0x66000B3B, 0x680006B9, 0x5294BF05, 0x21780001, 0x00000000, 0xA0000001, 0x66000B41,
0x680006CE, 0x528C7F05, 0x21780001, 0x00000000, 0xA0000001, 0x66000B47, 0x6800070E, 0x52843F05,
0x21780001, 0x00000000, 0xA0000001, 0x66000B4D, 0x6800071A, 0x527BFF05, 0x21780001, 0x00000000,
0xA0000001, 0x66000B53, 0x68000761, 0x5273BF05, 0x21780001, 0x00000000, 0xA0000001, 0x66000B5E,
0x30182030, 0x22DBA002, 0x41FC22DC, 0x00000111, 0x68000774, 0x68000C41, 0x52633F05, 0x21780001,
0x00000000, 0xA0000001, 0x66000B64, 0x680007CF, 0x5252BF05, 0x21780001, 0x00000000, 0xA0000001,
0x66000B6A, 0x680007FB, 0x524A7F05, 0x21780001, 0x00000000, 0xA0000001, 0x66000B70, 0x68000828,
0x52423F05, 0x21780001, 0x00000000, 0xA0000001, 0x66000B76, 0x68000892, 0x2139E02F, 0x00000001,
0x52213F05, 0x21780001, 0x00000000, 0xA0000001, 0x66000B7E, 0x68000960, 0x5218FF05, 0x21780001,
0x00000000, 0xA0000001, 0x66000B84, 0x68000976, 0x52087F05, 0x21780001, 0x00000000, 0xA0000001,
0x66000B8A, 0x68000999, 0x5231BF05, 0x21780001, 0x00000000, 0xA0000001, 0x66000B90, 0x680009D8,
0x52297F05, 0x21780001, 0x00000000, 0xA0000001, 0x66000B96, 0x68000AB0, 0x21DBA002, 0x00000000,
0x00000000, 0x21DB8002, 0x00000000, 0xA8010000, 0x219CF14C, 0x00000001, 0x526B7F75, 0x21780001,
0x00000000, 0xA0000001, 0x66000BA4, 0x680002E3, 0x21683003, 0x0000003A, 0x68001FB3, 0x68001FBD,
0x52BDFF75, 0x21780001, 0x00000000, 0xA0000001, 0x66000BB0, 0x680002EB, 0x308B0127, 0x22280140,
0x32D64000, 0x21780001, 0x00000002, 0xA0000001, 0x66000BB7, 0x308B0127, 0x22280240, 0x52E73F73,
0x21780001, 0x00000001, 0xA0000001, 0x66000BD0, 0x21AD4010, 0x00000000, 0x68000AF0, 0x52843F75,
0x21780001, 0x00000000, 0xA0000001, 0x66000BC5, 0x6800032D, 0x328B8014, 0x21780001, 0x00000004,
0xA0000007, 0x66000BD0, 0x52633F75, 0x21780001, 0x00000000, 0xA0000001, 0x66000BD0, 0x680004D1,
0x52DEFF73, 0x21780001, 0x00000001, 0xA0000001, 0x66000BEE, 0x32D64000, 0x21780001, 0x00000002,
0xA0000001, 0x66000BEE, 0x21AD4010, 0x00000001, 0x21DB8002, 0x00000002, 0xA8010100, 0x68000AF0,
0xA8010000, 0x21DB8002, 0x00000000, 0x32AC8014, 0x21780001, 0x00000004, 0xA0000007, 0x66000BEE,
0x52633F77, 0x21780001, 0x00000000, 0xA0000001, 0x66000BEE, 0x68000508, 0x21683003, 0x0000003B,
0x68001FB3, 0x5273BF75, 0x21780001, 0x00000000, 0xA0000001, 0x66000BF7, 0x68000547, 0x8531A02F,
0x00000001, 0x32C58000, 0x21780001, 0x00000002, 0xA0000001, 0x66000C00, 0x8531A42F, 0x00000001,
0x527BFF75, 0x21780001, 0x00000000, 0xA0000001, 0x66000C06, 0x68000565, 0x219CF02F, 0x00000001,
0x8539E02F, 0x00000001, 0x34C58000, 0x21FC0001, 0x00000002, 0xA0000008, 0x66000C11, 0x8539E42F,
0x00000001, 0x21683103, 0x0000003C, 0x2173B103, 0x00000001, 0x68001FBD, 0x68001FD5, 0x21FF314C,
0x00000000, 0x229CF14C, 0x41B4FEED, 0x00000004, 0x6A000000, 0x68000B99, 0x00000000, 0x00000000,
0x52F8218D, 0x21780001, 0x00000001, 0xA0000000, 0x24F8000B, 0x50F8218F, 0x50F8218F, 0x30F80004,
0x6C000000, 0x62000C2E, 0x62000C30, 0x62000C32, 0x62000C34, 0x62000C35, 0xA8010000, 0x62000C35,
0xA8010200, 0x62000C35, 0xA8010400, 0x62000C35, 0xA8010600, 0x6A000000, 0x21FC0001, 0x00000007,
0x3418214C, 0xA0000001, 0x24F8000B, 0x21FC0001, 0x0000000E, 0x34F8000B, 0xA0000002, 0x24DBA102,
0x6A000000, 0x21FC0001, 0x00000007, 0x34182030, 0xA0000001, 0x24F8000B, 0x21FC0001, 0x0000000E,
0x34F8000B, 0xA0000002, 0x24DBA002, 0x6A000000, 0x21FC0001, 0x0000000C, 0x3418214C, 0xA0000002,
0x24DBA102, 0x6A000000, 0x21FC0001, 0x0000000C, 0x34182030, 0xA0000002, 0x24DBA002, 0x6A000000,
0x21FC0001, 0x0000000C, 0x34182030, 0xA0000002, 0x24F8000B, 0x32F8000B, 0x21780001, 0x0000000C,
0xA0000000, 0x24DBA002, 0x6A000000, 0x41FC22DD, 0x0000FFFF, 0x507822DC, 0x22FC000A, 0x52FC22DC,
0x547022DD, 0xA0000003, 0x2478000A, 0x24F8000B, 0x30FC000B, 0x22FC4001, 0x30FFC00A, 0x22840001,
0x32FC0001, 0x547022DD, 0xA0000003, 0x24F8000B, 0x30F0000A, 0x22F8400A, 0x2400000A, 0x50FC62DD,
0x42FC22DD, 0x52FC22DD, 0x21780001, 0x00000000, 0xA0000008, 0x66000C6C, 0x6A000000, 0x52E73F66,
0x21780001, 0x00000000, 0xA0000001, 0x66000C88, 0x2139E01F, 0x00000001, 0x8539E01F, 0x00000000,
0x6A000000, 0x21DEE120, 0x00000000, 0x2231A115, 0x22086115, 0x80000005, 0x22002115, 0x22212115,
0x80000005, 0x22296115, 0x6A000000, 0x21002115, 0x00000001, 0x22086115, 0x22296115, 0x22212115,
0x2231A115, 0x6A000000, 0x217BE016, 0x00000000, 0x80000005, 0x2273A016, 0x6A000000, 0x2173A016,
0x00000001, 0x227BE016, 0x6A000000, 0x2118C101, 0x00000000, 0x80000005, 0x2118C101, 0x00000001,
0x229CC103, 0x6A000000, 0x68000CA3, 0x85A50103, 0x00000001, 0x2194B00D, 0x00000001, 0x22B5B10D,
0x6A000000, 0x2118C201, 0x00000000, 0x80000005, 0x2118C201, 0x00000001, 0x229CC203, 0x85A50203,
0x00000001, 0x219CF00D, 0x00000001, 0x22BDF10D, 0x6A000000, 0x00000000, 0x00000000, 0x218C6010,
0x00000000, 0x30882013, 0x22F3601C, 0x218C6010, 0x00000001, 0x00000000, 0x00000000, 0x00000000,
0x00000000, 0x00000000, 0x00000000, 0x00000000, 0x00000000, 0x325A2014, 0x21780001, 0x00000000,
0xA0000001, 0x66000CF7, 0x32AC2015, 0x21780001, 0x00000002, 0xA0000008, 0x66000CDE, 0xA0000007,
0x66000CDE, 0x21622036, 0x00000000, 0x2138E036, 0x0000000F, 0x62000CE2, 0x21622036, 0x0000000E,
0x30EE602F, 0x2238E036, 0x32282013, 0x21780001, 0x0000222A, 0xA0000000, 0x24DBA002, 0x3241A013,
0x21780001, 0x00000004, 0xA0000001, 0x66000D17, 0x32282013, 0x21780001, 0x00000002, 0xA0000001,
0x66000D17, 0x32DBA002, 0x21780001, 0x00000001, 0xA0000000, 0x24DBA002, 0x62000D17, 0x325A2014,
0x21780001, 0x00000002, 0xA0000001, 0x66000D07, 0x21FC0001, 0x00000002, 0x34AC2015, 0xA0000001,
0x2462601C, 0x32282013, 0x21780001, 0x00002275, 0xA0000000, 0x24DBA002, 0x62000D17, 0x325A2014,
0x21780001, 0x00000001, 0xA0000001, 0x66000D12, 0x32282013, 0x21780001, 0x000022B3, 0xA0000000,
0x24DBA002, 0x62000D17, 0x32002033, 0x21780001, 0x000022D1, 0xA0000000, 0x24DBA002, 0x50384000,
0x22386033, 0x505AC000, 0x22632033, 0x508C4000, 0x2210A034, 0x50948000, 0x2218E02E, 0x21DBA002,
0x00000000, 0x6A000000, 0x68000CCD, 0x00000000, 0x21526111, 0x00000000, 0x325A2112, 0x21780001,
0x00000000, 0xA0000001, 0x66000D3F, 0x21FC0001, 0x00000005, 0x34282111, 0xA0000002, 0x24F8000B,
0x32F8000B, 0x21780001, 0x0000222F, 0xA0000000, 0x24F8000B, 0x21FC0001, 0x00000014, 0x34526111,
0xA0000002, 0x24F8000A, 0x32F8000B, 0x34F8000A, 0xA0000000, 0x24DBA102, 0x62000D72, 0x325A2112,
0x21780001, 0x00000002, 0xA0000001, 0x66000D58, 0x21FC0001, 0x00000005, 0x34282111, 0xA0000002,
0x24F8000B, 0x32F8000B, 0x21780001, 0x00002279, 0xA0000000, 0x24F8000B, 0x21FC0001, 0x00000014,
0x34526111, 0xA0000002, 0x24F8000A, 0x32F8000B, 0x34F8000A, 0xA0000000, 0x24DBA102, 0x62000D72,
0x325A2112, 0x21780001, 0x00000001, 0xA0000001, 0x66000D68, 0x21FC0001, 0x00000005, 0x34282111,
0xA0000002, 0x24F8000B, 0x32F8000B, 0x21780001, 0x000022B5, 0xA0000000, 0x24DBA102, 0x62000D72,
0x21FC0001, 0x00000005, 0x348C6115, 0xA0000002, 0x24F8000B, 0x32F8000B, 0x21780001, 0x000022D3,
0xA0000000, 0x24DBA102, 0x2110A11C, 0x00000001, 0x50500000, 0x22502156, 0x50C30000, 0x22FCE156,
0x50D64000, 0x229CA157, 0x50E6C000, 0x22BDA157, 0x50F74000, 0x22082157, 0x50580001, 0x2289A120,
0x50630001, 0x22CE6157, 0x50C5C001, 0x2208211C, 0x50FE4001, 0x2251211C, 0x50D00002, 0x22D86123,
0x50E34003, 0x22F3E11E, 0x325A2112, 0x21780001, 0x00000001, 0xA0000007, 0x66000D91, 0x5060C003,
0x2269211E, 0x50100003, 0x2210211E, 0x50F80004, 0x22F8211D, 0x2192E11C, 0x000000FF, 0x21DBA102,
0x00000000, 0x325A2112, 0x21780001, 0x00000000, 0xA0000001, 0x66000DBE, 0x3241A111, 0x21780001,
0x00000004, 0xA0000001, 0x66000DA5, 0x21A4E156, 0x00000003, 0x32282111, 0x21780001, 0x00000003,
0xA0000001, 0x66000DAD, 0x2128E120, 0x00000001, 0x62000DAF, 0x2128E120, 0x00000002, 0x32282111,
0x21780001, 0x00000000, 0xA0000001, 0x66000DB9, 0x21A4615A, 0x00000002, 0x21CDA15B, 0x00000000,
0x62000DEE, 0x21A4615A, 0x00000005, 0x21CDA15B, 0x00000002, 0x62000DEE, 0x325A2112, 0x21780001,
0x00000002, 0xA0000001, 0x66000DEE, 0x32282111, 0x21780001, 0x00000003, 0xA0000001, 0x66000DCB,
0x2128E120, 0x00000002, 0x62000DCD, 0x2128E120, 0x00000004, 0x32282111, 0x21780001, 0x00000000,
0xA0000001, 0x66000DDA, 0x21A4615A, 0x00000005, 0x21CDA15B, 0x00000002, 0x21C5A15A, 0x00000007,
0x22E6A15B, 0x62000DEE, 0x32282111, 0x21780001, 0x00000001, 0xA0000001, 0x66000DE7, 0x21A4615A,
0x00000002, 0x21CDA15B, 0x00000000, 0x21C5A15A, 0x00000006, 0x22E6A15B, 0x62000DEE, 0x21A4615A,
0x00000004, 0x21CDA15B, 0x00000002, 0x21C5A15A, 0x00000006, 0x22E6A15B, 0x6A000000, 0x68000D24,
0x00000000, 0x50FFC000, 0x22318101, 0x50F6C000, 0x229C0139, 0x50D54000, 0x22E5C137, 0x50D54000,
0x22C5C137, 0x50A4C000, 0x22104137, 0x50914000, 0x22C2C11D, 0x5020C000, 0x2241C11D, 0x50100000,
0x2210011D, 0x50F80001, 0x22F8011C, 0x50F80002, 0x22F80125, 0x50F60003, 0x22F60110, 0x50BD8003,
0x22CE011A, 0x50A80003, 0x22A8011A, 0x50CE0004, 0x22AD0118, 0x50B80004, 0x22B8011B, 0x50F68005,
0x2249410E, 0x50CB0005, 0x22998104, 0x50580005, 0x22580112, 0x50ED8006, 0x22B3C107, 0x50ABC006,
0x22300107, 0x5071C006, 0x22B3C108, 0x50300006, 0x22300108, 0x50B30007, 0x22AAC10D, 0x50590007,
0x22BC0111, 0x50180007, 0x22180111, 0x50B30008, 0x2250010D, 0x50580008, 0x22790111, 0x6A000000,
0x50A80000, 0x22A8010D, 0x50ED8000, 0x227A0111, 0x50DC0001, 0x2258011F, 0x50780001, 0x22DB011F,
0x50400002, 0x2279C11E, 0x307A0111, 0x22590112, 0x6A000000, 0x21FDC014, 0x0000001E, 0x325A4013,
0x21780001, 0x00000001, 0xA0000000, 0x24F8000B, 0x50F82197, 0x50F82197, 0x30F80004, 0x6C000000,
0x62000E48, 0x62000E4B, 0x62000E4E, 0x62000E51, 0x62000E54, 0x62000E57, 0x62000E5C, 0x62000E5E,
0x30FDC014, 0x22400013, 0x62000E5E, 0x21400013, 0x0000000A, 0x62000E5E, 0x21400013, 0x00000014,
0x62000E5E, 0x21400013, 0x00000017, 0x62000E5E, 0x21400013, 0x0000001E, 0x62000E5E, 0x21FDC014,
0x00000003, 0x21400013, 0x00000005, 0x62000E5E, 0x21400013, 0x00000003, 0x306B0013, 0x22FF8012,
0x326B0013, 0x21780001, 0x00000002, 0xA0000001, 0x66000E6A, 0x32400013, 0x21780001, 0x00000001,
0xA0000009, 0x24400013, 0x30400013, 0x22ED4012, 0x30400013, 0x229B8013, 0x32400013, 0x21780001,
0x00000018, 0xA0000008, 0x66000E7C, 0xA0000007, 0x66000E7C, 0x325A4013, 0x21780001, 0x00000005,
0xA0000007, 0x66000E7C, 0x219B8013, 0x00000018, 0x6A000000, 0x32B58014, 0x21780001, 0x00000000,
0xA0000001, 0x66000E90, 0x50F80009, 0x22F82021, 0x50F8000A, 0x22F82022, 0x50F8000B, 0x22F82023,
0x21DB8002, 0x00000000, 0x30F82021, 0x42F822E2, 0x30F82022, 0x42F822E3, 0x30F82023, 0x42F822E4,
0x21DB8002, 0x00000000, 0x6A000000, 0x307A0111, 0x22BC0111, 0x30390111, 0x22180111, 0x6A000000,
0x217B8134, 0x00000000, 0x22F7811A, 0x22EF411A, 0x32300133, 0x347B8134, 0xA0000007, 0x66000EA3,
0x21F7811A, 0x00000001, 0x22EF411A, 0x3278011C, 0x347B8134, 0xA0000001, 0x66000EB5, 0x32BC011C,
0x347B8134, 0xA0000001, 0x66000EB5, 0x32300133, 0x347B8134, 0xA0000001, 0x66000EB2, 0x21FFC11A,
0x00000001, 0x62000EB7, 0x21FFC11A, 0x00000000, 0x62000EB7, 0x21FFC11A, 0x00000000, 0x6A000000,
0x32B58014, 0x21780001, 0x00000000, 0xA0000001, 0x66000ECB, 0x50F80009, 0x22F82021, 0x50F8000A,
0x22F82022, 0x50F8000B, 0x22F82023, 0x21DB8002, 0x00000000, 0x30F82021, 0x42F822E5, 0x30F82022,
0x42F822E6, 0x30F82023, 0x42F822E7, 0x21DB8002, 0x00000000, 0x6A000000, 0x326A4013, 0x21780001,
0x00000001, 0xA0000000, 0x24F8000B, 0x50F82197, 0x50F82197, 0x30F80004, 0x6C000000, 0x62000EDD,
0x62000EFA, 0x62000EFD, 0x62000F0A, 0x62000F08, 0x62000F0A, 0x34FDC014, 0x21FC0001, 0x00000001,
0xA0000008, 0x66000EEF, 0xA0000007, 0x66000EEF, 0x21FC0001, 0x0000000C, 0x54AD22E0, 0xA0000002,
0x24F8000B, 0x32F8000B, 0x21780001, 0x0000220C, 0xA0000000, 0x24DB8002, 0x62000F0A, 0x21FC0001,
0x0000000C, 0x54AD22E0, 0xA0000002, 0x24F8000B, 0x32F8000B, 0x21780001, 0x000021EE, 0xA0000000,
0x24DB8002, 0x62000F0A, 0x21DB8002, 0x000022A1, 0x62000F0A, 0x21FC0001, 0x0000000C, 0x54AD22E0,
0xA0000002, 0x24F8000B, 0x32F8000B, 0x21780001, 0x00002257, 0xA0000000, 0x24DB8002, 0x62000F0A,
0x21DB8002, 0x000022BF, 0x6A000000, 0x52B4FF74, 0x21780001, 0x00000002, 0xA0000001, 0x66000F13,
0x41AD22E0, 0x00000000, 0x62000F15, 0x41AD22E0, 0x00000001, 0x308B8014, 0x226A4013, 0x30280100,
0x22400013, 0x30180134, 0x22FDC014, 0x21CD0013, 0x00000003, 0x68000ECE, 0x68000DF1, 0x30DB8002,
0x22D2C133, 0x68000E7D, 0x50DDFF74, 0x22300133, 0x68000E98, 0x50DEBF74, 0x22DE811A, 0x328B8014,
0x21780001, 0x00000001, 0xA0000000, 0x24F8000B, 0x50F82193, 0x50F82193, 0x30F80004, 0x6C000000,
0x62000F36, 0x62000F7F, 0x62000FB0, 0x62000FC3, 0x62000FB5, 0x62000FC3, 0x216B0134, 0x00000000,
0x32180134, 0x21780001, 0x00000001, 0xA0000000, 0x24F8000B, 0x50F82193, 0x50F82194, 0x30F80004,
0x6C000000, 0x62000F46, 0x62000F4D, 0x62000F52, 0x62000F6F, 0x62000FC3, 0x216B0134, 0x00000001,
0x21E64137, 0x00000007, 0x22B50139, 0x227B4139, 0x62000FC3, 0x21E64137, 0x00000007, 0x22B50139,
0x227B4139, 0x62000FC3, 0x32280100, 0x21780001, 0x00000003, 0xA0000001, 0x66000F5A, 0x2141C11D,
0x00000002, 0x62000F5C, 0x2141C11D, 0x00000003, 0x32390134, 0x21780001, 0x00000002, 0xA0000001,
0x66000F66, 0x21E64137, 0x00000004, 0x21BC0111, 0x00000050, 0x62000F6A, 0x21E64137, 0x00000006,
0x21BC0111, 0x00000014, 0x21B50139, 0x00000006, 0x217B4139, 0x00000003, 0x62000FC3, 0x32280100,
0x21780001, 0x00000003, 0xA0000001, 0x66000F77, 0x2141C11D, 0x00000000, 0x62000F79, 0x2141C11D,
0x00000001, 0x21E64137, 0x00000006, 0x22B50139, 0x217B4139, 0x00000003, 0x62000FC3, 0x216B0134,
0x00000000, 0x52BDFEED, 0x21780001, 0x00000000, 0xA0000001, 0x66000FAA, 0x32180134, 0x21780001,
0x00000001, 0xA0000000, 0x24F8000B, 0x50F82193, 0x50F82195, 0x30F80004, 0x6C000000, 0x62000F93,
0x62000F9C, 0x62000FA3, 0x62000FB0, 0x2141C11D, 0x00000002, 0x21E64137, 0x00000007, 0x21BC0111,
0x00000040, 0x216B0134, 0x00000001, 0x62000FB0, 0x2141C11D, 0x00000002, 0x21E64137, 0x00000006,
0x21BC0111, 0x00000040, 0x62000FB0, 0x2141C11D, 0x00000000, 0x21E64137, 0x00000007, 0x21BC0111,
0x00000040, 0x62000FB0, 0x2141C11D, 0x00000002, 0x21E64137, 0x00000004, 0x21BC0111, 0x00000040,
0x21FFC11A, 0x00000000, 0x21FDC014, 0x0000001E, 0x62000FC3, 0x216B0134, 0x00000000, 0x32180134,
0x21780001, 0x00000000, 0xA0000007, 0x66000FC1, 0x32180134, 0x21780001, 0x00000002, 0xA0000001,
0x66000FC3, 0x216B0134, 0x00000001, 0x328B8014, 0x21780001, 0x00000004, 0xA0000007, 0x66001026,
0x5294BF74, 0x21780001, 0x00000000, 0xA0000001, 0x66001008, 0x52B4FF74, 0x21780001, 0x00000002,
0xA0000001, 0x66000FD8, 0x32D2C133, 0x21780001, 0x00000018, 0xA0000000, 0x24DB8002, 0x62000FDD,
0x32D2C133, 0x21780001, 0x0000000C, 0xA0000000, 0x24DB8002, 0x68000E28, 0x507A4002, 0x2230011E,
0x30DB8002, 0x22D2C133, 0x21DB8002, 0x00000000, 0x50DDFF74, 0x226A4013, 0x32B58014, 0x21780001,
0x00000001, 0xA0000001, 0x6600102C, 0x68000E35, 0x32FDC014, 0x349B8013, 0xA0000007, 0x66000FF8,
0x3250010D, 0x34FDC014, 0xA0000003, 0x24F8000B, 0x32F8000B, 0x349B8013, 0xA0000002, 0x2450010D,
0x32FDC014, 0x34400013, 0xA0000007, 0x66001004, 0x32B8011B, 0x34FDC014, 0xA0000003, 0x24F8000B,
0x32F8000B, 0x34400013, 0xA0000002, 0x2478011B, 0x3050010D, 0x22AAC10D, 0x68000E93, 0x6200102C,
0x52B4FF74, 0x21780001, 0x00000002, 0xA0000001, 0x66001013, 0x32D2C133, 0x21780001, 0x00000018,
0xA0000000, 0x24DB8002, 0x62001018, 0x32D2C133, 0x21780001, 0x0000000C, 0xA0000000, 0x24DB8002,
0x30DB8002, 0x22D2C133, 0x32B58014, 0x21780001, 0x00000001, 0xA0000001, 0x6600102C, 0x507A4002,
0x2230011E, 0x21DB8002, 0x00000000, 0x68000412, 0x68000E93, 0x6200102C, 0x32B58014, 0x21780001,
0x00000001, 0xA0000001, 0x6600102C, 0x68000412, 0x21DB8002, 0x00000000, 0x6A000000, 0x52B4FF76,
0x21780001, 0x00000002, 0xA0000001, 0x66001037, 0x41AD22E0, 0x00000000, 0x62001039, 0x41AD22E0,
0x00000001, 0x30AC8014, 0x226A4013, 0x30280200, 0x22400013, 0x30180234, 0x22FDC014, 0x21CD0013,
0x00000023, 0x68000ECE, 0x32AC8014, 0x21780001, 0x00000004, 0xA0000001, 0x6600104C, 0x32DB8002,
0x21780001, 0x00000009, 0xA0000000, 0x24DB8002, 0xA8010100, 0x68000DF1, 0xA8010000, 0x30DB8002,
0x22D2C233, 0x68000EB8, 0x50DEBF76, 0x22DE821A, 0x50DDFF76, 0x22300233, 0xA8010100, 0x68000E98,
0xA8010000, 0x32AC8014, 0x21780001, 0x00000001, 0xA0000000, 0x24F8000B, 0x50F82193, 0x50F82193,
0x30F80004, 0x6C000000, 0x62001068, 0x620010B1, 0x620010E2, 0x620010F5, 0x620010E7, 0x620010F5,
0x216B0234, 0x00000000, 0x32180234, 0x21780001, 0x00000001, 0xA0000000, 0x24F8000B, 0x50F82193,
0x50F82194, 0x30F80004, 0x6C000000, 0x62001078, 0x6200107F, 0x62001084, 0x620010A1, 0x620010F5,
0x216B0234, 0x00000001, 0x21E64237, 0x00000007, 0x22B50239, 0x227B4239, 0x620010F5, 0x21E64237,
0x00000007, 0x22B50239, 0x227B4239, 0x620010F5, 0x32280200, 0x21780001, 0x00000023, 0xA0000001,
0x6600108C, 0x2141C21D, 0x00000002, 0x6200108E, 0x2141C21D, 0x00000003, 0x32390234, 0x21780001,
0x00000002, 0xA0000001, 0x66001098, 0x21E64237, 0x00000004, 0x21BC0211, 0x00000050, 0x6200109C,
0x21E64237, 0x00000006, 0x21BC0211, 0x00000014, 0x21B50239, 0x00000006, 0x217B4239, 0x00000003,
0x620010F5, 0x32280200, 0x21780001, 0x00000023, 0xA0000001, 0x660010A9, 0x2141C21D, 0x00000000,
0x620010AB, 0x2141C21D, 0x00000001, 0x21E64237, 0x00000006, 0x22B50239, 0x217B4239, 0x00000003,
0x620010F5, 0x216B0234, 0x00000000, 0x52BDFEED, 0x21780001, 0x00000000, 0xA0000001, 0x660010DC,
0x32180234, 0x21780001, 0x00000001, 0xA0000000, 0x24F8000B, 0x50F82193, 0x50F82195, 0x30F80004,
0x6C000000, 0x620010C5, 0x620010CE, 0x620010D5, 0x620010E2, 0x2141C21D, 0x00000002, 0x21E64237,
0x00000007, 0x21BC0211, 0x00000040, 0x216B0234, 0x00000001, 0x620010E2, 0x2141C21D, 0x00000002,
0x21E64237, 0x00000006, 0x21BC0211, 0x00000040, 0x620010E2, 0x2141C21D, 0x00000000, 0x21E64237,
0x00000007, 0x21BC0211, 0x00000040, 0x620010E2, 0x2141C21D, 0x00000002, 0x21E64237, 0x00000004,
0x21BC0211, 0x00000040, 0x21FFC21A, 0x00000000, 0x21FDC014, 0x0000001E, 0x620010F5, 0x216B0234,
0x00000000, 0x32180234, 0x21780001, 0x00000000, 0xA0000007, 0x660010F3, 0x32180234, 0x21780001,
0x00000002, 0xA0000001, 0x660010F5, 0x216B0234, 0x00000001, 0x32AC8014, 0x21780001, 0x00000004,
0xA0000007, 0x66001172, 0x5294BF76, 0x21780001, 0x00000000, 0xA0000001, 0x66001148, 0x52B4FF76,
0x21780001, 0x00000002, 0xA0000001, 0x6600110F, 0x32D2C233, 0x21780001, 0x00000018, 0xA0000000,
0x24F8000B, 0x32F8000B, 0x21780001, 0x00000003, 0xA0000000, 0x24DB8002, 0x62001119, 0x32D2C233,
0x21780001, 0x0000000C, 0xA0000000, 0x24F8000B, 0x32F8000B, 0x21780001, 0x00000003, 0xA0000000,
0x24DB8002, 0xA8010100, 0x68000E28, 0xA8010000, 0x507A4002, 0x2230021E, 0x30DB8002, 0x22D2C233,
0x21DB8002, 0x00000000, 0x50DDFF76, 0x226A4013, 0x32B58014, 0x21780001, 0x00000001, 0xA0000001,
0x6600117A, 0x68000E35, 0x32FDC014, 0x349B8013, 0xA0000007, 0x66001136, 0x3250020D, 0x34FDC014,
0xA0000003, 0x24F8000B, 0x32F8000B, 0x349B8013, 0xA0000002, 0x2450020D, 0x32FDC014, 0x34400013,
0xA0000007, 0x66001142, 0x32B8021B, 0x34FDC014, 0xA0000003, 0x24F8000B, 0x32F8000B, 0x34400013,
0xA0000002, 0x2478021B, 0x3050020D, 0x22AAC20D, 0xA8010100, 0x68000E93, 0xA8010000, 0x6200117A,
0x52B4FF76, 0x21780001, 0x00000002, 0xA0000001, 0x66001158, 0x32D2C233, 0x21780001, 0x00000018,
0xA0000000, 0x24F8000B, 0x32F8000B, 0x21780001, 0x00000003, 0xA0000000, 0x24DB8002, 0x62001162,
0x32D2C233, 0x21780001, 0x0000000C, 0xA0000000, 0x24F8000B, 0x32F8000B, 0x21780001, 0x00000003,
0xA0000000, 0x24DB8002, 0x30DB8002, 0x22D2C233, 0x32B58014, 0x21780001, 0x00000001, 0xA0000001,
0x6600117A, 0x507A4002, 0x2230021E, 0x21DB8002, 0x00000000, 0xA8010100, 0x68000412, 0x68000E93,
0xA8010000, 0x6200117A, 0x32B58014, 0x21780001, 0x00000001, 0xA0000001, 0x6600117A, 0xA8010100,
0x68000412, 0xA8010000, 0x21DB8002, 0x00000000, 0x6A000000, 0x68000F0B, 0x00000000, 0x6800102F,
0x00000000, 0x52FFFEED, 0x21780001, 0x00000001, 0xA0000001, 0x6600118E, 0x32AC8014, 0x21780001,
0x00000001, 0xA0000001, 0x6600118E, 0x218B8014, 0x00000000, 0x22AC8014, 0x328B8014, 0x21780001,
0x00000001, 0xA0000000, 0x24F8000B, 0x50F8218F, 0x50F8218F, 0x30F80004, 0x6C000000, 0x6200119D,
0x620011A0, 0x620011A3, 0x620011A8, 0x620011A6, 0x620011A8, 0x21180134, 0x00000003, 0x620011A8,
0x21180134, 0x00000001, 0x620011A8, 0x21180134, 0x00000003, 0x620011A8, 0x50E67EEC, 0x22180134,
0x68000F0B, 0x34D64000, 0x21FC0001, 0x00000001, 0xA0000008, 0x660011CB, 0xA0000007, 0x660011CB,
0x32AC8014, 0x21780001, 0x00000001, 0xA0000000, 0x24F8000B, 0x50F8218F, 0x50F82190, 0x30F80004,
0x6C000000, 0x620011BF, 0x620011C2, 0x620011C5, 0x620011CA, 0x620011C8, 0x620011CA, 0x21180234,
0x00000003, 0x620011CA, 0x21180234, 0x00000001, 0x620011CA, 0x21180234, 0x00000003, 0x620011CA,
0x50A47EEC, 0x22180234, 0x6800102F, 0x68001FC7, 0x68001FD5, 0x41B4FEED, 0x00000003, 0x6A000000,
0x325A2014, 0x21780001, 0x00000001, 0xA0000000, 0x24F8000B, 0x50F82193, 0x50F82193, 0x30F80004,
0x6C000000, 0x620011DF, 0x620011E3, 0x620011E7, 0x620011F9, 0x620011EB, 0x620011F9, 0x21282013,
0x00000003, 0x22AC2015, 0x620011F9, 0x21282013, 0x00000001, 0x22AC2015, 0x620011F9, 0x21282013,
0x00000003, 0x22AC2015, 0x620011F9, 0x32002033, 0x21780001, 0x00000000, 0xA0000001, 0x660011F5,
0x50E67EEC, 0x22282013, 0x50E67EEC, 0x22AC2015, 0x620011F9, 0x50A47EEC, 0x22282013, 0x50A47EEC,
0x22AC2015, 0x2141A013, 0x00000005, 0x22522033, 0x68000CCD, 0x6A000000, 0x325A2112, 0x21780001,
0x00000001, 0xA0000000, 0x24F8000B, 0x50F8218F, 0x50F8218F, 0x30F80004, 0x6C000000, 0x6200120D,
0x62001211, 0x62001215, 0x62001227, 0x62001219, 0x62001227, 0x21282111, 0x00000003, 0x22DDA10F,
0x62001227, 0x21282111, 0x00000001, 0x22DDA10F, 0x62001227, 0x21282111, 0x00000003, 0x22DDA10F,
0x62001227, 0x328C6115, 0x21780001, 0x00000000, 0xA0000001, 0x66001223, 0x50E67EEC, 0x22282111,
0x50E67EEC, 0x22DDA10F, 0x62001227, 0x50A47EEC, 0x22282111, 0x50A47EEC, 0x22DDA10F, 0x2141A111,
0x00000005, 0x22ACE11C, 0x68000D24, 0x6A000000, 0x21683003, 0x00000038, 0x21683103, 0x00000039,
0x2173B003, 0x00000001, 0x2273B103, 0x68001FC7, 0x68001FD5, 0x3273800F, 0x21780001, 0x00000001,
0xA0000001, 0x66001284, 0x328B8014, 0x21780001, 0x00000001, 0xA0000000, 0x24F8000B, 0x50F8218F,
0x50F8218F, 0x30F80004, 0x6C000000, 0x62001249, 0x62001257, 0x62001279, 0x62001279, 0x62001275,
0x62001279, 0x52FFFEED, 0x21780001, 0x00000000, 0xA0000001, 0x66001253, 0x21180134, 0x00000000,
0x21390134, 0x00000003, 0x62001279, 0x21180134, 0x00000002, 0x22390134, 0x62001279, 0x50E67EEC,
0x22180134, 0x52BDFEED, 0x21780001, 0x00000000, 0xA0000001, 0x66001279, 0x52E67EEC, 0x21780001,
0x00000000, 0xA0000001, 0x66001268, 0x21390134, 0x00000004, 0x21180134, 0x00000001, 0x62001279,
0x52E67EEC, 0x21780001, 0x00000001, 0xA0000001, 0x66001272, 0x21180134, 0x00000000, 0x21390134,
0x00000005, 0x62001279, 0x21390134, 0x00000004, 0x62001279, 0x50E67EEC, 0x22180134, 0x21390134,
0x00000003, 0x219CC103, 0x00000000, 0x85A50103, 0x00000000, 0x68000F0B, 0x2118C101, 0x00000000,
0x80000005, 0x2118C101, 0x00000001, 0x229CC103, 0x34D64000, 0x21FC0001, 0x00000001, 0xA0000008,
0x660012DF, 0xA0000007, 0x660012DF, 0x327BC00F, 0x21780001, 0x00000001, 0xA0000001, 0x660012DF,
0x32AC8014, 0x21780001, 0x00000001, 0xA0000000, 0x24F8000B, 0x50F8218F, 0x50F8218F, 0x30F80004,
0x6C000000, 0x6200129F, 0x620012AC, 0x620012CE, 0x620012CE, 0x620012CA, 0x620012CE, 0x52FFFEED,
0x21780001, 0x00000000, 0xA0000001, 0x660012A9, 0x21180234, 0x00000000, 0x21390234, 0x00000003,
0x620012CE, 0x21180234, 0x00000001, 0x620012CE, 0x50A47EEC, 0x22180234, 0x52BDFEED, 0x21780001,
0x00000000, 0xA0000001, 0x660012CE, 0x52A47EEC, 0x21780001, 0x00000000, 0xA0000001, 0x660012BD,
0x21390234, 0x00000005, 0x21180234, 0x00000001, 0x620012CE, 0x52A47EEC, 0x21780001, 0x00000001,
0xA0000001, 0x660012C7, 0x21180234, 0x00000000, 0x21390234, 0x00000005, 0x620012CE, 0x21390234,
0x00000004, 0x620012CE, 0x50A47EEC, 0x22180234, 0x21390234, 0x00000003, 0x219CC203, 0x00000000,
0x85A50203, 0x00000000, 0x6800102F, 0x2118C201, 0x00000000, 0x80000005, 0x2118C201, 0x00000001,
0x229CC203, 0x85A50203, 0x00000001, 0x68001F9C, 0x219CF00D, 0x00000001, 0x22BDF10D, 0x3273800F,
0x21780001, 0x00000001, 0xA0000001, 0x660012EA, 0x85A50103, 0x00000001, 0x2194B00D, 0x00000001,
0x22B5B10D, 0x68001F8D, 0x21683003, 0x00000034, 0x21683103, 0x00000035, 0x2173B003, 0x00000001,
0x2273B103, 0x68001FC7, 0x68001FD5, 0x41B4FEED, 0x00000006, 0x6A000000, 0x325A2014, 0x21780001,
0x00000001, 0xA0000000, 0x24F8000B, 0x50F8218F, 0x50F8218F, 0x30F80004, 0x6C000000, 0x62001306,
0x62001324, 0x6200134D, 0x62001382, 0x62001362, 0x6200137F, 0x62001382, 0x21282013, 0x00000000,
0x22AC2015, 0x2141A013, 0x00000003, 0x22522033, 0x52FFFEED, 0x21780001, 0x00000001, 0xA0000001,
0x66001315, 0x216B600D, 0x00000001, 0x2263200D, 0x62001382, 0x32002033, 0x21780001, 0x00000000,
0xA0000001, 0x6600131F, 0x216B600D, 0x00000000, 0x2163200D, 0x00000001, 0x62001382, 0x216B600D,
0x00000001, 0x2163200D, 0x00000000, 0x62001382, 0x32002033, 0x21780001, 0x00000000, 0xA0000001,
0x66001332, 0x50E67EEC, 0x22282013, 0x50E67EEC, 0x22AC2015, 0x216B600D, 0x00000000, 0x2163200D,
0x00000001, 0x6200133A, 0x50A47EEC, 0x22282013, 0x50A47EEC, 0x22AC2015, 0x216B600D, 0x00000001,
0x2163200D, 0x00000000, 0x2141A013, 0x00000005, 0x22522033, 0x32282013, 0x21780001, 0x00000000,
0xA0000001, 0x66001349, 0x21282013, 0x00000001, 0x22AC2015, 0x2141A013, 0x00000004, 0x22522033,
0x62001382, 0x21282013, 0x00000000, 0x22AC2015, 0x62001382, 0x21282013, 0x00000000, 0x22AC2015,
0x2141A013, 0x00000001, 0x22522033, 0x32002033, 0x21780001, 0x00000000, 0xA0000001, 0x6600135D,
0x216B600D, 0x00000000, 0x2163200D, 0x00000001, 0x62001382, 0x216B600D, 0x00000001, 0x2163200D,
0x00000000, 0x62001382, 0x32002033, 0x21780001, 0x00000000, 0xA0000001, 0x66001372, 0x50E67EEC,
0x22282013, 0x50E67EEC, 0x22AC2015, 0x50BD7EEC, 0x22522033, 0x216B600D, 0x00000000, 0x2163200D,
0x00000001, 0x6200137C, 0x50A47EEC, 0x22282013, 0x50A47EEC, 0x22AC2015, 0x507B7EEC, 0x22522033,
0x216B600D, 0x00000001, 0x2163200D, 0x00000000, 0x2141A013, 0x00000001, 0x62001382, 0x216B600D,
0x00000000, 0x2263200D, 0x68000CCD, 0x3063200D, 0x2284210D, 0x306B600D, 0x228C610D, 0x00000000,
0x2128E120, 0x00000001, 0x325A2112, 0x21780001, 0x00000001, 0xA0000000, 0x24F8000B, 0x50F8218F,
0x50F8218F, 0x30F80004, 0x6C000000, 0x6200139A, 0x620013A2, 0x620013CF, 0x620013F9, 0x620013DC,
0x620013F9, 0x620013F9, 0x21282111, 0x00000000, 0x22DDA10F, 0x2141A111, 0x00000003, 0x22ACE11C,
0x68000D24, 0x620013F9, 0x2128E120, 0x00000002, 0x328C6115, 0x21780001, 0x00000000, 0xA0000001,
0x660013AE, 0x50E67EEC, 0x22282111, 0x50E67EEC, 0x22DDA10F, 0x620013B2, 0x50A47EEC, 0x22282111,
0x50A47EEC, 0x22DDA10F, 0x2141A111, 0x00000005, 0x22ACE11C, 0x32282111, 0x21780001, 0x00000000,
0xA0000001, 0x660013C1, 0x21282111, 0x00000001, 0x22DDA10F, 0x21ACE11C, 0x00000004, 0x2241A111,
0x620013CD, 0x32282111, 0x21780001, 0x00000001, 0xA0000001, 0x660013CA, 0x21282111, 0x00000000,
0x22DDA10F, 0x620013CD, 0x2141A111, 0x00000004, 0x22ACE11C, 0x68000D24, 0x620013F9, 0x21D66156,
0x00000000, 0x22282111, 0x22DDA10F, 0x2141A111, 0x00000001, 0x22ACE11C, 0x30D66156, 0x22DEA111,
0x68000D24, 0x68001A5D, 0x68001AEC, 0x620013F9, 0x21D66156, 0x00000000, 0x30D66156, 0x22DEA111,
0x328C6115, 0x21780001, 0x00000000, 0xA0000001, 0x660013EE, 0x50E67EEC, 0x22282111, 0x50E67EEC,
0x22DDA10F, 0x50BD7EEC, 0x2241A111, 0x50BD7EEC, 0x22ACE11C, 0x620013F6, 0x50A47EEC, 0x22282111,
0x50A47EEC, 0x22DDA10F, 0x507B7EEC, 0x2241A111, 0x507B7EEC, 0x22ACE11C, 0x68000D24, 0x68001A5D,
0x68001AEC, 0x30DDA10F, 0x22FF214C, 0x00000000, 0x218C6010, 0x00000000, 0x22DBA002, 0x3200214B,
0x21780001, 0x00000000, 0xA0000001, 0x66001406, 0x2139200D, 0x00000006, 0x347B2015, 0x21FC0001,
0x00000002, 0xA0000008, 0x6600142B, 0xA0000007, 0x6600142B, 0x52FFFEED, 0x21780001, 0x00000001,
0xA0000001, 0x66001423, 0x325A2014, 0x21780001, 0x00000000, 0xA0000001, 0x66001423, 0x34282013,
0x21FC0001, 0x00000001, 0xA0000008, 0x66001421, 0xA0000007, 0x66001421, 0x21002033, 0x00000000,
0x62001423, 0x21002033, 0x00000001, 0x30282013, 0x22AC2015, 0x3041A013, 0x22522033, 0x68000CCD,
0x218C6010, 0x00000001, 0x6200148E, 0x68000C9A, 0x325A2014, 0x21780001, 0x00000000, 0xA0000001,
0x66001436, 0x52FFFEED, 0x21780001, 0x00000000, 0xA0000007, 0x66001445, 0x325A2014, 0x21780001,
0x00000001, 0xA0000001, 0x66001440, 0x52BDFEED, 0x21780001, 0x00000000, 0xA0000007, 0x66001445,
0x325A2014, 0x21780001, 0x00000004, 0xA0000001, 0x6600146A, 0x32002033, 0x21780001, 0x00000000,
0xA0000001, 0x6600145A, 0x413922E1, 0x00000000, 0x2163200D, 0x00000000, 0x30282013, 0x22AC2015,
0x3041A013, 0x22522033, 0x68000CCD, 0x8594A00D, 0x00000000, 0x2163200D, 0x00000001, 0x8594A00D,
0x00000001, 0x62001480, 0x416262E1, 0x00000000, 0x216B600D, 0x00000000, 0x30282013, 0x22AC2015,
0x3041A013, 0x22522033, 0x68000CCD, 0x859CE00D, 0x00000000, 0x216B600D, 0x00000001, 0x859CE00D,
0x00000001, 0x62001480, 0x325A2014, 0x21780001, 0x00000000, 0xA0000001, 0x6600147B, 0x34282013,
0x21FC0001, 0x00000001, 0xA0000008, 0x66001479, 0xA0000007, 0x66001479, 0x21002033, 0x00000000,
0x6200147B, 0x21002033, 0x00000001, 0x30282013, 0x22AC2015, 0x3041A013, 0x22522033, 0x68000CCD,
0x327B2015, 0x21780001, 0x00000000, 0xA0000007, 0x6600148A, 0x327B2015, 0x21780001, 0x00000001,
0xA0000001, 0x6600148C, 0x68000C9F, 0x68000C7F, 0x218C6010, 0x00000001, 0x00000000, 0x2100212E,
0x00000001, 0x21DBA102, 0x00000000, 0x2200210F, 0x2294A14C, 0x30282111, 0x22DDA10F, 0x3041A111,
0x22ACE11C, 0x34ACA10F, 0x21FC0001, 0x00000002, 0xA0000008, 0x660014BB, 0xA0000007, 0x660014BB,
0x68000D24, 0x3200214B, 0x21780001, 0x00000000, 0xA0000001, 0x660014B8, 0x2139210D, 0x00000008,
0x325A2112, 0x21780001, 0x00000002, 0xA0000001, 0x660014B4, 0x34DDA10F, 0x21FC0001, 0x00000002,
0xA0000008, 0x660014B8, 0xA0000007, 0x660014B8, 0x8594A14C, 0x00000001, 0x2194A14C, 0x00000000,
0x2100210F, 0x00000001, 0x6200153E, 0x214A6118, 0x00000001, 0x214A6118, 0x00000000, 0x68000C89,
0x30D66156, 0x22DEA111, 0x325A2112, 0x21780001, 0x00000000, 0xA0000001, 0x660014CC, 0x52FFFEED,
0x21780001, 0x00000000, 0xA0000007, 0x660014DB, 0x325A2112, 0x21780001, 0x00000001, 0xA0000001,
0x660014D6, 0x52BDFEED, 0x21780001, 0x00000000, 0xA0000007, 0x660014DB, 0x325A2112, 0x21780001,
0x00000004, 0xA0000001, 0x660014FC, 0x328C6115, 0x21780001, 0x00000000, 0xA0000001, 0x660014EE,
0x413922E1, 0x00000000, 0x2184210D, 0x00000000, 0x68000D24, 0x85B5A10D, 0x00000000, 0x2184210D,
0x00000001, 0x68001A5D, 0x68001AEC, 0x85B5A10D, 0x00000001, 0x62001515, 0x416262E1, 0x00000000,
0x218C610D, 0x00000000, 0x68000D24, 0x85BDE10D, 0x00000000, 0x218C610D, 0x00000001, 0x68001A5D,
0x68001AEC, 0x85BDE10D, 0x00000001, 0x62001515, 0x325A2112, 0x21780001, 0x00000000, 0xA0000001,
0x66001512, 0x52FFFEED, 0x21780001, 0x00000000, 0xA0000001, 0x66001512, 0x34282111, 0x21FC0001,
0x00000001, 0xA0000008, 0x66001510, 0xA0000007, 0x66001510, 0x858C6115, 0x00000000, 0x62001512,
0x858C6115, 0x00000001, 0x68000D24, 0x68001A5D, 0x68001AEC, 0x32ACA10F, 0x21780001, 0x00000000,
0xA0000001, 0x66001525, 0x21DEE120, 0x00000001, 0x224A6118, 0x214A6118, 0x00000000, 0x22DEE120,
0x68000C93, 0x8510A11C, 0x00000000, 0x21DEE120, 0x00000001, 0x3200214B, 0x21780001, 0x00000000,
0xA0000001, 0x6600153C, 0x2139210D, 0x00000008, 0x325A2112, 0x21780001, 0x00000002, 0xA0000001,
0x66001538, 0x34DDA10F, 0x21FC0001, 0x00000002, 0xA0000008, 0x6600153C, 0xA0000007, 0x6600153C,
0x8594A14C, 0x00000001, 0x2194A14C, 0x00000000, 0x2100210F, 0x00000001, 0x00000000, 0x21DEF014,
0x00000000, 0x22E73112, 0x2231B115, 0x2100311A, 0x00000001, 0x2118214C, 0x00000000, 0x2118234C,
0x00000001, 0x21182030, 0x00000000, 0x21182230, 0x00000001, 0x32C58000, 0x21780001, 0x00000002,
0xA0000001, 0x6600155A, 0x2118254C, 0x00000002, 0x2118274C, 0x00000003, 0x21182430, 0x00000002,
0x21182630, 0x00000003, 0x21188015, 0x00000002, 0x52297EEC, 0x21780001, 0x00000000, 0xA0000001,
0x66001571, 0x2173A00D, 0x00000001, 0x2294A10D, 0x52E73F66, 0x21780001, 0x00000000, 0xA0000001,
0x66001574, 0x21EF6014, 0x00000001, 0x22F7A112, 0x3028A014, 0x228BA014, 0x3028A112, 0x228BA112,
0x62001574, 0x218BA014, 0x00000000, 0x228BA112, 0x5231BEEC, 0x21780001, 0x00000000, 0xA0000001,
0x66001589, 0x2173A20D, 0x00000001, 0x2294A30D, 0x52E73F58, 0x21780001, 0x00000000, 0xA0000001,
0x6600158C, 0x21EF6214, 0x00000001, 0x22F7A312, 0x3028A214, 0x228BA214, 0x3028A312, 0x228BA312,
0x6200158C, 0x218BA214, 0x00000000, 0x228BA312, 0x34C58000, 0x21FC0001, 0x00000001, 0xA0000008,
0x660015C3, 0xA0000007, 0x660015C3, 0x5239FEEC, 0x21780001, 0x00000000, 0xA0000001, 0x660015A8,
0x2173A40D, 0x00000001, 0x2294A50D, 0x52E73F4A, 0x21780001, 0x00000000, 0xA0000001, 0x660015AB,
0x21EF6414, 0x00000001, 0x22F7A512, 0x3028A414, 0x228BA414, 0x3028A512, 0x228BA512, 0x620015AB,
0x218BA414, 0x00000000, 0x228BA512, 0x52423EEC, 0x21780001, 0x00000000, 0xA0000001, 0x660015C0,
0x2173A60D, 0x00000001, 0x2294A70D, 0x52E73F3C, 0x21780001, 0x00000000, 0xA0000001, 0x660015C3,
0x21EF6614, 0x00000001, 0x22F7A712, 0x3028A614, 0x228BA614, 0x3028A712, 0x228BA712, 0x620015C3,
0x218BA614, 0x00000000, 0x228BA712, 0x52DEFF66, 0x21780001, 0x00000000, 0xA0000001, 0x660015CD,
0x21002033, 0x00000000, 0x305A2014, 0x228B8014, 0x620015D1, 0x21002033, 0x00000001, 0x305A2014,
0x22AC8014, 0x52DEFF58, 0x21780001, 0x00000000, 0xA0000001, 0x660015DB, 0x21002233, 0x00000000,
0x305A2214, 0x228B8014, 0x620015DF, 0x21002233, 0x00000001, 0x305A2214, 0x22AC8014, 0x34C58000,
0x21FC0001, 0x00000001, 0xA0000008, 0x66001602, 0xA0000007, 0x66001602, 0x52DEFF4A, 0x21780001,
0x00000000, 0xA0000001, 0x660015F0, 0x21002433, 0x00000000, 0x305A2414, 0x228B8014, 0x620015F4,
0x21002433, 0x00000001, 0x305A2414, 0x22AC8014, 0x52DEFF3C, 0x21780001, 0x00000000, 0xA0000001,
0x660015FE, 0x21002633, 0x00000000, 0x305A2614, 0x228B8014, 0x62001602, 0x21002633, 0x00000001,
0x305A2614, 0x22AC8014, 0x21DBB00F, 0x0000001F, 0x50EF3F74, 0x22E6C133, 0x32D64000, 0x21780001,
0x00000002, 0xA0000001, 0x6600160D, 0x50EF3F76, 0x22E6C233, 0x41B4FEED, 0x00000001, 0x6A000000,
0x00000000, 0x3284000F, 0x21780001, 0x00000001, 0xA0000001, 0x66001622, 0x2118C022, 0x00000001,
0x226B4022, 0x68001826, 0xA8011000, 0x68001858, 0xA8010000, 0x680018F1, 0x21A5300D, 0x00000001,
0x22C6310D, 0x6200163B, 0x68001907, 0x32000012, 0x21780001, 0x00000000, 0xA0000001, 0x66001631,
0x32FFC015, 0x21780001, 0x00000001, 0xA0000001, 0x66001631, 0x2139F14B, 0x00000001, 0x21624011,
0x00000001, 0xA8011000, 0x68001866, 0xA8010000, 0x6800183E, 0x2118C022, 0x00000000, 0x226B4022,
0x21A5300D, 0x00000000, 0x22C6310D, 0x00000000, 0x3273800F, 0x21780001, 0x00000001, 0xA0000001,
0x660016B3, 0x3263200D, 0x21780001, 0x00000001, 0xA0000001, 0x6600164B, 0x30AC2015, 0x22180134,
0x30522033, 0x22390134, 0x62001690, 0x3284210D, 0x21780001, 0x00000001, 0xA0000001, 0x66001655,
0x30DDA10F, 0x22180134, 0x30ACE11C, 0x22390134, 0x62001690, 0x3263220D, 0x21780001, 0x00000001,
0xA0000001, 0x6600165F, 0x30AC2215, 0x22180134, 0x30522233, 0x22390134, 0x62001690, 0x3284230D,
0x21780001, 0x00000001, 0xA0000001, 0x66001669, 0x30DDA30F, 0x22180134, 0x30ACE31C, 0x22390134,
0x62001690, 0x3263240D, 0x21780001, 0x00000001, 0xA0000001, 0x66001673, 0x30AC2415, 0x22180134,
0x30522433, 0x22390134, 0x62001690, 0x3284250D, 0x21780001, 0x00000001, 0xA0000001, 0x6600167D,
0x30DDA50F, 0x22180134, 0x30ACE51C, 0x22390134, 0x62001690, 0x3263260D, 0x21780001, 0x00000001,
0xA0000001, 0x66001687, 0x30AC2615, 0x22180134, 0x30522633, 0x22390134, 0x62001690, 0x3284270D,
0x21780001, 0x00000001, 0xA0000001, 0x66001690, 0x30DDA70F, 0x22180134, 0x30ACE71C, 0x22390134,
0x328B8014, 0x21780001, 0x00000000, 0xA0000001, 0x6600169D, 0x52FFFEED, 0x21780001, 0x00000001,
0xA0000001, 0x6600169D, 0x21180134, 0x00000002, 0x22390134, 0x218C4101, 0x00000001, 0x22948101,
0x226B4101, 0x22738101, 0x68001874, 0x6800188C, 0x68000F0B, 0x68000CAA, 0x32108015, 0x21780001,
0x00000000, 0xA0000001, 0x660016AC, 0x68001F8D, 0x3218C015, 0x21780001, 0x00000000, 0xA0000001,
0x660016D4, 0x68001F9C, 0x620016D4, 0x32108015, 0x21780001, 0x00000000, 0xA0000001, 0x660016B9,
0x68001F66, 0x3218C015, 0x21780001, 0x00000000, 0xA0000001, 0x660016BF, 0x68001F7F, 0x219CC103,
0x00000000, 0x85A50103, 0x00000000, 0x523922E1, 0x21780001, 0x00000001, 0xA0000001, 0x660016CA,
0x680018AF, 0x6800187C, 0x2194B00D, 0x00000000, 0x22B5B10D, 0x21948101, 0x00000000, 0x8000001E,
0x228C4101, 0x22738101, 0x8000001E, 0x226B4101, 0x00000000, 0x327BC00F, 0x21780001, 0x00000001,
0xA0000001, 0x6600174F, 0x326B600D, 0x21780001, 0x00000001, 0xA0000001, 0x660016E4, 0x30AC2015,
0x22180234, 0x30522033, 0x22390234, 0x62001729, 0x328C610D, 0x21780001, 0x00000001, 0xA0000001,
0x660016EE, 0x30DDA10F, 0x22180234, 0x30ACE11C, 0x22390234, 0x62001729, 0x326B620D, 0x21780001,
0x00000001, 0xA0000001, 0x660016F8, 0x30AC2215, 0x22180234, 0x30522233, 0x22390234, 0x62001729,
0x328C630D, 0x21780001, 0x00000001, 0xA0000001, 0x66001702, 0x30DDA30F, 0x22180234, 0x30ACE31C,
0x22390234, 0x62001729, 0x326B640D, 0x21780001, 0x00000001, 0xA0000001, 0x6600170C, 0x30AC2415,
0x22180234, 0x30522433, 0x22390234, 0x62001729, 0x328C650D, 0x21780001, 0x00000001, 0xA0000001,
0x66001716, 0x30DDA50F, 0x22180234, 0x30ACE51C, 0x22390234, 0x62001729, 0x326B660D, 0x21780001,
0x00000001, 0xA0000001, 0x66001720, 0x30AC2615, 0x22180234, 0x30522633, 0x22390234, 0x62001729,
0x328C670D, 0x21780001, 0x00000001, 0xA0000001, 0x66001729, 0x30DDA70F, 0x22180234, 0x30ACE71C,
0x22390234, 0x32AC8014, 0x21780001, 0x00000000, 0xA0000001, 0x66001737, 0x52FFFEED, 0x21780001,
0x00000001, 0xA0000001, 0x66001737, 0x21180234, 0x00000001, 0x21390234, 0x00000003, 0xA8010100,
0x218C4101, 0x00000001, 0x22948101, 0x226B4101, 0x22738101, 0x68001874, 0x6800188C, 0xA8010000,
0x6800102F, 0x68000CB1, 0x32108015, 0x21780001, 0x00000001, 0xA0000001, 0x66001748, 0x68001F8D,
0x3218C015, 0x21780001, 0x00000001, 0xA0000001, 0x66001772, 0x68001F9C, 0x62001772, 0x32108015,
0x21780001, 0x00000001, 0xA0000001, 0x66001755, 0x68001F66, 0x3218C015, 0x21780001, 0x00000001,
0xA0000001, 0x6600175B, 0x68001F7F, 0x219CC203, 0x00000000, 0x85A50203, 0x00000000, 0x526262E1,
0x21780001, 0x00000001, 0xA0000001, 0x66001768, 0xA8010100, 0x6800187C, 0x680018AF, 0xA8010000,
0x219CF00D, 0x00000000, 0x22BDF10D, 0x21948201, 0x00000000, 0x8000001E, 0x228C4201, 0x22738201,
0x8000001E, 0x226B4201, 0x00000000, 0x6A000000, 0x6A000000, 0x00000000, 0x00000000, 0x6A000000,
0x6800153F, 0x68001B1A, 0x68001181, 0x6800025E, 0x68000B99, 0x680000AD, 0x6800122C, 0x680000D9,
0x00000000, 0x3239E014, 0x21780001, 0x00000000, 0xA0000001, 0x660017CE, 0x21842010, 0x00000000,
0x22F82013, 0x2231A14C, 0x21182013, 0x00000003, 0x327B2015, 0x21780001, 0x00000001, 0xA0000000,
0x24F8000B, 0x50F8218F, 0x50F8218F, 0x30F80004, 0x6C000000, 0x6200179A, 0x6200179C, 0x6200179E,
0x6200179F, 0x6200179F, 0x68001C51, 0x6200179F, 0x68001C66, 0x6200179F, 0x68001CB2, 0x858C610F,
0x00000000, 0x85ACA10F, 0x00000003, 0x2131A14C, 0x00000001, 0x32002033, 0x21780001, 0x00000000,
0xA0000001, 0x660017AD, 0x50E67EEC, 0x22282013, 0x620017AF, 0x50A47EEC, 0x22282013, 0x32AC2015,
0x34282013, 0xA0000001, 0x660017C6, 0x32282013, 0x21780001, 0x00000000, 0xA0000001, 0x660017BD,
0x21282013, 0x00000001, 0x2141A013, 0x00000004, 0x620017C1, 0x21282013, 0x00000000, 0x2141A013,
0x00000005, 0x30282013, 0x22AC2015, 0x3041A013, 0x22522033, 0x68000CCD, 0x21182013, 0x00000002,
0x68001C11, 0x217B2015, 0x00000002, 0x21F3601C, 0x000055C0, 0x620017D0, 0x21842010, 0x00000001,
0x00000000, 0x3239E112, 0x21780001, 0x00000000, 0xA0000001, 0x66001823, 0x218C610F, 0x00000000,
0x22F82111, 0x8531A14C, 0x00000000, 0x21182111, 0x00000003, 0x32ACA10F, 0x21780001, 0x00000001,
0xA0000000, 0x24F8000B, 0x50F8218F, 0x50F8218F, 0x30F80004, 0x6C000000, 0x620017EB, 0x620017ED,
0x620017EF, 0x620017F0, 0x620017F0, 0x68001DAB, 0x620017F0, 0x68001DB9, 0x620017F0, 0x68001DE8,
0x8531A14C, 0x00000001, 0x328C6115, 0x21780001, 0x00000000, 0xA0000001, 0x660017FA, 0x50E67EEC,
0x22282111, 0x620017FC, 0x50A47EEC, 0x22282111, 0x32DDA10F, 0x34282111, 0xA0000001, 0x6600181D,
0x32282111, 0x21780001, 0x00000000, 0xA0000001, 0x6600180A, 0x21282111, 0x00000001, 0x2141A111,
0x00000004, 0x62001818, 0x32282111, 0x21780001, 0x00000001, 0xA0000001, 0x66001814, 0x21282111,
0x00000000, 0x2141A111, 0x00000005, 0x62001818, 0x21282111, 0x00000000, 0x2141A111, 0x00000004,
0x30282111, 0x22DDA10F, 0x3041A111, 0x22ACE11C, 0x68000D24, 0x21182111, 0x00000002, 0x68001D54,
0x21ACA10F, 0x00000002, 0x62001825, 0x218C610F, 0x00000001, 0x00000000, 0x2184113A, 0x00000001,
0x227BD13A, 0x22BDD13B, 0x2200113B, 0x228C513D, 0x22BDD136, 0x22B59136, 0x80000064, 0x22A51136,
0x229CD136, 0x21B59136, 0x00000000, 0x80000064, 0x218C5136, 0x00000001, 0x80000064, 0x22841136,
0x227BD136, 0x226B5136, 0x22631136, 0x22B57034, 0x80000DAC, 0x6A000000, 0x21631136, 0x00000001,
0x216B5136, 0x00000000, 0x227BD136, 0x22841136, 0x228C5136, 0x52EF7EEC, 0x21780001, 0x00000001,
0xA0000001, 0x6600184E, 0x21B59136, 0x00000000, 0x229CD136, 0x22A51136, 0x21BDD136, 0x00000000,
0x217BD13A, 0x00000001, 0x22BDD13B, 0x2200113B, 0x228C513D, 0x2184113A, 0x00000000, 0x6A000000,
0x21B58137, 0x000000FF, 0x22AD4137, 0x8000000A, 0x22A50137, 0x80000032, 0x2292C137, 0x80000190,
0x22390137, 0x80000032, 0x22520137, 0x224A4136, 0x80000064, 0x6A000000, 0x21520137, 0x00000000,
0x22210137, 0x80000064, 0x22390137, 0x80000032, 0x2292C137, 0x80000028, 0x22A50137, 0x80000032,
0x22B58137, 0x22AD4137, 0x8000000A, 0x6A000000, 0x2118C137, 0x00000001, 0x22000137, 0x21B58137,
0x00000000, 0x2272C137, 0x8000000A, 0x6A000000, 0x21B58137, 0x0000000F, 0x2272C137, 0x8000000A,
0x21E64137, 0x00000000, 0x8000000A, 0x22C5C137, 0x8000000A, 0x22000137, 0x8000000A, 0x22104137,
0x8000000A, 0x2218C137, 0x8000000A, 0x6A000000, 0x2151C133, 0x00000001, 0x22420136, 0x224A4136,
0x2239C136, 0x22318136, 0x32DEC133, 0x3451C133, 0xA0000001, 0x6600189D, 0x21528136, 0x00000001,
0x2228C136, 0x2128C136, 0x00000002, 0x2128C136, 0x00000003, 0x32E70133, 0x3451C133, 0xA0000001,
0x660018A8, 0x215AC136, 0x00000001, 0x22100136, 0x21100136, 0x00000002, 0x21100136, 0x00000003,
0x8000001E, 0x217BC13A, 0x00000000, 0x22BDC13B, 0x2200013B, 0x228C413D, 0x6A000000, 0x217BC13A,
0x00000001, 0x22BDC13B, 0x2200013B, 0x228C413D, 0x21100136, 0x00000002, 0x8000000A, 0x21100136,
0x00000001, 0x8000000A, 0x21100136, 0x00000000, 0x8000000A, 0x225AC136, 0x8000000A, 0x2128C136,
0x00000002, 0x8000000A, 0x2128C136, 0x00000001, 0x8000000A, 0x2128C136, 0x00000000, 0x8000000A,
0x22528136, 0x8000000A, 0x22318136, 0x8000000A, 0x2239C136, 0x8000000A, 0x224A4136, 0x8000000A,
0x22420136, 0x8000000A, 0x6A000000, 0x68001858, 0x68001874, 0x6800188C, 0x6A000000, 0x680018AF,
0x6800187C, 0x68001866, 0x6A000000, 0x21E6E032, 0x00000003, 0x80000014, 0x22082032, 0x80000014,
0x21E6E032, 0x00000000, 0x80000014, 0x21006034, 0x00000003, 0x22B5A158, 0x22006234, 0x22B5A358,
0x80000032, 0x2210A032, 0x2210A232, 0x80000014, 0x2220E032, 0x80000032, 0x22296032, 0x80000032,
0x6A000000, 0xA8011000, 0x680018DB, 0xA8010000, 0x6A000000, 0x21296032, 0x00000000, 0x8000000A,
0x2220E032, 0x8000000A, 0x2210A032, 0x2210A232, 0x8000000A, 0x22006034, 0x22B5A158, 0x22006234,
0x22B5A358, 0x8000000A, 0x22E6E032, 0x8000000A, 0x22082032, 0x8000000A, 0x6A000000, 0xA8011000,
0x680018F5, 0xA8010000, 0x6A000000, 0x2131A032, 0x0000000F, 0x22422032, 0x80000032, 0x2239E032,
0x80000064, 0x22626032, 0x8000000A, 0x6A000000, 0x2139E032, 0x00000000, 0x8000000A, 0x22526032,
0x2262E032, 0x8000000A, 0x2231A032, 0x22422032, 0x8000000A, 0x6A000000, 0x21736032, 0x00000003,
0x227BE032, 0x228C6032, 0x80000032, 0x22842032, 0x80000064, 0x2118E032, 0x00000000, 0x6A000000,
0x2118E032, 0x00000001, 0x8000000A, 0x22842032, 0x8000000A, 0x217BE032, 0x00000000, 0x228C6032,
0x8000000A, 0x2173A032, 0x00000001, 0x8000000A, 0x216B6032, 0x00000000, 0x8000000A, 0x6A000000,
0x2194A032, 0x00000001, 0x229CE032, 0x22A52032, 0x22AD6032, 0x2131A032, 0x00000000, 0x80000032,
0x21B5A032, 0x00000001, 0x22D5E032, 0x22842032, 0x21D5E032, 0x00000003, 0x21D5E032, 0x00000007,
0x21D5E032, 0x0000000F, 0x217BE032, 0x00000000, 0x80000032, 0x22006034, 0x6A000000, 0x21006034,
0x00000003, 0x217BE032, 0x00000001, 0x8000000A, 0x21D5E032, 0x00000007, 0x8000000A, 0x21D5E032,
0x00000003, 0x8000000A, 0x21D5E032, 0x00000001, 0x8000000A, 0x21842032, 0x00000000, 0x8000000A,
0x22D5E032, 0x8000000A, 0x22B5A032, 0x8000000A, 0x2131A032, 0x00000001, 0x8000000A, 0x21AD6032,
0x00000000, 0x8000000A, 0x22A52032, 0x8000000A, 0x229CE032, 0x8000000A, 0x2294A032, 0x6A000000,
0x21B5A151, 0x00000001, 0x22A52151, 0x80000032, 0x22AD6151, 0x80000064, 0x6A000000, 0x21AD6151,
0x00000000, 0x8000000A, 0x22B5A151, 0x22A52151, 0x8000000A, 0x6A000000, 0x219CA151, 0x00000003,
0x80000064, 0x218C6151, 0x00000001, 0x22842151, 0x2273A151, 0x22632151, 0x224A6151, 0x21FC0001,
0x00000001, 0x34D6A151, 0xA0000001, 0x24422151, 0x2139A151, 0x0000000F, 0x22296151, 0x32D66156,
0x21780001, 0x00000000, 0xA0000001, 0x66001996, 0x2120E151, 0x0000000F, 0x80000032, 0x6A000000,
0x21296151, 0x00000000, 0x2220E151, 0x80000014, 0x2239A151, 0x80000014, 0x224A2151, 0x8000000A,
0x22632151, 0x8000000A, 0x2273A151, 0x8000000A, 0x22842151, 0x8000000A, 0x228C6151, 0x8000000A,
0x229CA151, 0x80000014, 0x6A000000, 0x2110A151, 0x0000000F, 0x22086151, 0x22002151, 0x22AD6151,
0x22A46152, 0x32D66156, 0x21780001, 0x00000000, 0xA0000001, 0x660019B8, 0x21836152, 0x0000000F,
0x32D66156, 0x21780001, 0x00000003, 0xA0000007, 0x660019C0, 0x21632152, 0x000000FF, 0x22596152,
0x21B5A151, 0x00000000, 0x80000032, 0x2118E152, 0x00000001, 0x22212152, 0x32D66156, 0x21780001,
0x00000000, 0xA0000001, 0x660019CE, 0x2110A152, 0x00000001, 0x22086152, 0x21002152, 0x00000001,
0x80000032, 0x6A000000, 0x21002152, 0x00000000, 0x22086152, 0x8000000A, 0x2210A152, 0x8000000A,
0x2218E152, 0x8000000A, 0x22212152, 0x8000000A, 0x21B5A151, 0x00000001, 0x8000000A, 0x21596152,
0x00000000, 0x8000000A, 0x22632152, 0x8000000A, 0x22836152, 0x8000000A, 0x22A46152, 0x8000000A,
0x22002151, 0x8000000A, 0x22AD6151, 0x8000000A, 0x22086151, 0x8000000A, 0x2210A151, 0x8000000A,
0x6A000000, 0x32D66156, 0x21780001, 0x00000000, 0xA0000001, 0x66001A00, 0x21BDE153, 0x0000FFFF,
0x22B5A153, 0x22AD6153, 0x22A52153, 0x2299A153, 0x8000000A, 0x22296153, 0x22212153, 0x2218E153,
0x32CDA111, 0x21780001, 0x00000007, 0xA0000001, 0x66001A06, 0x62001A0B, 0x21002153, 0x0000FFFF,
0x8000000A, 0x21B5A158, 0x00000000, 0x6A000000, 0x21B5A158, 0x00000001, 0x21002153, 0x00000000,
0x8000000A, 0x21186153, 0x00000000, 0x8000000A, 0x22212153, 0x8000000A, 0x22296153, 0x8000000A,
0x2299A153, 0x8000000A, 0x22A52153, 0x8000000A, 0x22AD6153, 0x8000000A, 0x22B5A153, 0x8000000A,
0x22BDE153, 0x8000000A, 0x6A000000, 0x216B6154, 0x00000003, 0x22632154, 0x225AA154, 0x224A6154,
0x22422154, 0x32D66156, 0x21780001, 0x00000000, 0xA0000001, 0x66001A30, 0x2139A154, 0x00000003,
0x32D66156, 0x21780001, 0x00000003, 0xA0000007, 0x66001A39, 0x21296154, 0x00000001, 0x22212154,
0x2218E154, 0x21002154, 0x00000001, 0x80000032, 0x6A000000, 0x21002154, 0x00000000, 0x80000014,
0x22186154, 0x80000014, 0x22212154, 0x80000014, 0x22296154, 0x80000014, 0x2239A154, 0x80000014,
0x22422154, 0x80000014, 0x224A6154, 0x8000000A, 0x225AA154, 0x80000014, 0x22632154, 0x80000014,
0x226B6154, 0x80000014, 0x6A000000, 0x21916155, 0x0003FFFF, 0x80000032, 0x22CE6151, 0x22212155,
0x2218E155, 0x22102155, 0x22BDE151, 0x80000032, 0x6A000000, 0x21BDE151, 0x00000000, 0x22102155,
0x80000014, 0x2218E155, 0x80000014, 0x22212155, 0x80000014, 0x22CE6151, 0x80000014, 0x22916155,
0x80000014, 0x6A000000, 0x6800191E, 0x68001938, 0x6A000000, 0x6800194F, 0x68001928, 0x6A000000,
0x68001970, 0x6800197E, 0x680019AB, 0x680019F1, 0x68001A23, 0x68001A53, 0x6A000000, 0x68001A5D,
0x68001A3D, 0x68001A0C, 0x680019D2, 0x68001998, 0x68001977, 0x6A000000, 0x68001A6A, 0x00000000,
0x68001A70, 0x00000000, 0x680018DB, 0x00000000, 0x680018F5, 0x00000000, 0x6800190B, 0x00000000,
0x68001914, 0x00000000, 0x680018D3, 0x00000000, 0x680018D7, 0x00000000, 0xA8010100, 0x680018D3,
0xA8010000, 0x00000000, 0xA8010100, 0x680018D7, 0xA8010000, 0x00000000, 0x68001826, 0x00000000,
0x6800183E, 0x00000000, 0x00000000, 0x2173A10E, 0x00000001, 0x68001A53, 0x00000000, 0x2173A10E,
0x00000001, 0x68001A5D, 0x00000000, 0x32D66156, 0x21780001, 0x00000003, 0xA0000001, 0x66001AA9,
0x62001AC8, 0x21632152, 0x000000FF, 0x22596152, 0x22296154, 0x22212154, 0x80000001, 0x2218E154,
0x32D66156, 0x21780001, 0x00000002, 0xA0000001, 0x66001AB6, 0x62001AC8, 0x32D66156, 0x21780001,
0x00000001, 0xA0000001, 0x66001ABC, 0x62001AC8, 0x2120E151, 0x0000000F, 0x22836152, 0x22086152,
0x2210A152, 0x21CDA111, 0x00000007, 0x680019F1, 0x21CDA111, 0x00000000, 0x2139A154, 0x00000003,
0x6A000000, 0x2139A154, 0x00000000, 0x68001A11, 0x21086152, 0x00000000, 0x80000002, 0x2210A152,
0x80000002, 0x22836152, 0x80000001, 0x2220E151, 0x8000000A, 0x32D66156, 0x21780001, 0x00000001,
0xA0000001, 0x66001ADB, 0x62001AEB, 0x32D66156, 0x21780001, 0x00000002, 0xA0000001, 0x66001AE1,
0x62001AEB, 0x2118E154, 0x00000000, 0x80000002, 0x22212154, 0x80000002, 0x22296154, 0x80000002,
0x22596152, 0x22632152, 0x80000001, 0x6A000000, 0x34DEA111, 0x32D66156, 0xA0000008, 0x66001B04,
0x32DEA111, 0x21780001, 0x00000001, 0xA0000000, 0x24F8000B, 0x50F82193, 0x50F82193, 0x30F80004,
0x6C000000, 0x62001B17, 0x62001AFE, 0x62001B00, 0x62001B02, 0x62001B17, 0x68001AB6, 0x62001B17,
0x68001AB0, 0x62001B17, 0x68001AA3, 0x62001B17, 0x32DEA111, 0x21780001, 0x00000001, 0xA0000000,
0x24F8000B, 0x50F82193, 0x50F82193, 0x30F80004, 0x6C000000, 0x62001B12, 0x62001B14, 0x62001B16,
0x62001B17, 0x62001B17, 0x68001AC9, 0x62001B17, 0x68001ADB, 0x62001B17, 0x68001AE1, 0x6A000000,
0x68001AEC, 0x00000000, 0x68001826, 0x680018D3, 0xA8010100, 0x680018D3, 0xA8010000, 0x21683003,
0x0000004C, 0x2173B003, 0x00000001, 0x68001FC7, 0x21683003, 0x0000004E, 0x2173B003, 0x00000001,
0x68001FC7, 0x21683003, 0x00000032, 0x21683103, 0x00000033, 0x2173B003, 0x00000001, 0x2273B103,
0x22A5300D, 0x22C6310D, 0x41B4FEED, 0x00000002, 0x6A000000, 0x21B56034, 0x00000001, 0x225AE033,
0x22842019, 0x2242201C, 0x22212034, 0x21DDE151, 0x00000002, 0x21212169, 0x00000000, 0x22DEE120,
0x2139E126, 0x00000001, 0x21206126, 0x00000004, 0x2131A168, 0x00000001, 0x2294A156, 0x22D6A15C,
0x22BDE155, 0x22AD6156, 0x22D62159, 0x21ACE15C, 0x00000000, 0x22AD2166, 0x2149E16A, 0x00000007,
0x2183E16A, 0x00000003, 0x219CA168, 0x00000002, 0x217BE151, 0x00000FFF, 0x226B6151, 0x2252A151,
0x21A4615A, 0x00000004, 0x21CDA15B, 0x00000002, 0x228BE15C, 0x2273215C, 0x215A615C, 0x00000006,
0x215AE151, 0x00000000, 0x2283A15A, 0x2239615C, 0x22D6A151, 0x2128E15B, 0x00000003, 0x2172A16A,
0x00000008, 0x2194616A, 0x00000001, 0x2110215B, 0x00000002, 0x2118E16B, 0x00000001, 0x325A2014,
0x21780001, 0x00000001, 0xA0000000, 0x24F8000B, 0x50F8218F, 0x50F8218F, 0x30F80004, 0x6C000000,
0x62001B7E, 0x62001B89, 0x62001B94, 0x62001B9B, 0x62001B99, 0x62001B9B, 0x2151E168, 0x00000007,
0x218C2156, 0x00000003, 0x217BA156, 0x00000000, 0x216AE156, 0x00000003, 0x21002169, 0x00000001,
0x62001B9B, 0x2151E168, 0x0000000D, 0x218C2156, 0x00000003, 0x217BA156, 0x00000000, 0x216AE156,
0x00000005, 0x21002169, 0x00000001, 0x62001B9B, 0x2151E168, 0x00000007, 0x21002169, 0x00000000,
0x62001B9B, 0x21002169, 0x00000000, 0x6800191E, 0x68001938, 0x680011D0, 0x00000000, 0x68001970,
0x6800197E, 0x680019AB, 0x680019F1, 0x68001A23, 0x68001A53, 0x680011FE, 0x00000000, 0x325A2014,
0x21780001, 0x00000001, 0xA0000000, 0x24F8000B, 0x50F8218F, 0x50F8218F, 0x30F80004, 0x6C000000,
0x62001BB7, 0x62001BBB, 0x62001BBF, 0x62001BC8, 0x62001BC4, 0x62001BC8, 0x62001BC8, 0x21182013,
0x00000002, 0x68001C51, 0x62001BC8, 0x21182013, 0x00000002, 0x68001C51, 0x62001BC8, 0x2173A016,
0x00000001, 0x227BE016, 0x68000C7F, 0x62001BC8, 0x2173A016, 0x00000001, 0x227BE016, 0x68000C7F,
0x00000000, 0x325A2112, 0x21780001, 0x00000001, 0xA0000000, 0x24F8000B, 0x50F8218F, 0x50F8218F,
0x30F80004, 0x6C000000, 0x62001BD9, 0x62001BDD, 0x62001BE1, 0x62001BF8, 0x62001BED, 0x62001BF8,
0x62001BF8, 0x21182111, 0x00000002, 0x68001DAB, 0x62001BF8, 0x21182111, 0x00000002, 0x68001DAB,
0x62001BF8, 0x68001A5D, 0x21002115, 0x00000001, 0x22086115, 0x22296115, 0x22212115, 0x2210A11C,
0x2231A115, 0x68001FE3, 0x21DEE120, 0x00000001, 0x62001BF8, 0x68001A5D, 0x21002115, 0x00000001,
0x22086115, 0x22296115, 0x22212115, 0x2210A11C, 0x2231A115, 0x68001FE3, 0x21DEE120, 0x00000001,
0x00000000, 0x32182013, 0x21780001, 0x00000006, 0xA0000001, 0x66001BFF, 0x62001C4E, 0x2173A00D,
0x00000001, 0x85A5200D, 0x00000001, 0x2131A032, 0x00000001, 0x22422032, 0x80000032, 0x2239E032,
0x80000064, 0x2229614C, 0x6800191E, 0x32182013, 0x21780001, 0x00000005, 0xA0000001, 0x66001C11,
0x62001C4E, 0x32182013, 0x21780001, 0x00000004, 0xA0000001, 0x66001C17, 0x62001C4E, 0x32182013,
0x21780001, 0x00000003, 0xA0000001, 0x66001C1D, 0x62001C4E, 0x325A2014, 0x21780001, 0x00000000,
0xA0000001, 0x66001C2B, 0x52FFFEED, 0x21780001, 0x00000001, 0xA0000001, 0x66001C2B, 0x2163200D,
0x00000001, 0x226B600D, 0x62001C39, 0x32002033, 0x21780001, 0x00000000, 0xA0000001, 0x66001C35,
0x2163200D, 0x00000001, 0x8594A00D, 0x00000001, 0x62001C39, 0x216B600D, 0x00000001, 0x859CE00D,
0x00000001, 0x32182013, 0x21780001, 0x00000002, 0xA0000001, 0x66001C3F, 0x62001C4E, 0x21626032,
0x0000000F, 0x2121214C, 0x00000001, 0x68001938, 0x21102039, 0x00000004, 0x2173A016, 0x00000001,
0x227BE016, 0x68000C7F, 0x217BE016, 0x00000000, 0x217BE016, 0x00000001, 0x6A000000, 0x41F82193,
0x00000000, 0x217BE016, 0x00000000, 0x32182013, 0x21780001, 0x00000001, 0xA0000001, 0x66001C5B,
0x30182013, 0x227B2015, 0x62001D17, 0x325A2014, 0x21780001, 0x00000000, 0xA0000001, 0x66001C66,
0x32182013, 0x21780001, 0x00000004, 0xA0000001, 0x66001C66, 0x62001D17, 0x2173A016, 0x00000000,
0x6800194F, 0x32492013, 0x21780001, 0x00000001, 0xA0000000, 0x24492013, 0x3221214C, 0x21780001,
0x00000000, 0xA0000001, 0x66001C78, 0x34492013, 0x21FC0001, 0x0000003C, 0xA0000008, 0x66001C69,
0x34492013, 0x21FC0001, 0x0000003C, 0xA0000008, 0x66001C97, 0x3200214B, 0x21780001, 0x00000000,
0xA0000001, 0x66001C84, 0x21B5A14C, 0x00000001, 0x214A6118, 0x00000001, 0x214A6118, 0x00000000,
0x22DBA102, 0x22DEE120, 0x22086115, 0x80000005, 0x22002115, 0x22212115, 0x80000005, 0x22296115,
0x68001A5D, 0x68001A3D, 0x68001A0C, 0x680019D2, 0x68001998, 0x21ACA10F, 0x00000002, 0x2121214C,
0x00000000, 0x21842032, 0x00000001, 0x21626032, 0x00000000, 0x32182013, 0x21780001, 0x00000002,
0xA0000001, 0x66001CA5, 0x30182013, 0x227B2015, 0x62001D17, 0x325A2014, 0x21780001, 0x00000001,
0xA0000001, 0x66001CB2, 0x32182013, 0x21780001, 0x00000003, 0xA0000001, 0x66001CB2, 0x30182013,
0x227B2015, 0x62001D17, 0x32002033, 0x21780001, 0x00000000, 0xA0000001, 0x66001CC3, 0x2163200D,
0x00000000, 0x327BE00D, 0x21780001, 0x00000000, 0xA0000001, 0x66001CCE, 0x413922E1, 0x00000001,
0x8594A00D, 0x00000000, 0x62001CCE, 0x216B600D, 0x00000000, 0x3284200D, 0x21780001, 0x00000000,
0xA0000001, 0x66001CCE, 0x416262E1, 0x00000001, 0x859CE00D, 0x00000000, 0x32182013, 0x21780001,
0x00000003, 0xA0000001, 0x66001CDE, 0x325A2014, 0x21780001, 0x00000000, 0xA0000001, 0x66001CDB,
0x21182013, 0x00000006, 0x62001CDE, 0x30182013, 0x227B2015, 0x62001D17, 0x32182013, 0x21780001,
0x00000004, 0xA0000001, 0x66001CE6, 0x30182013, 0x227B2015, 0x62001D17, 0x32182013, 0x21780001,
0x00000005, 0xA0000001, 0x66001CEE, 0x30182013, 0x227B2015, 0x62001D17, 0x21FC0001, 0x00000001,
0x34182030, 0xA0000002, 0x24DBA002, 0x41F82193, 0x00000000, 0x68001928, 0x52F82193, 0x21780001,
0x00000001, 0xA0000000, 0x44F82193, 0x3229614C, 0x21780001, 0x00000000, 0xA0000001, 0x66001D05,
0x54F82193, 0x21FC0001, 0x00001388, 0xA0000008, 0x66001CF6, 0x21DBA002, 0x00000000, 0x2229614C,
0x2239E032, 0x80000064, 0x2231A032, 0x22422032, 0x80000032, 0x2273A00D, 0x328C600D, 0x21780001,
0x00000000, 0xA0000001, 0x66001D15, 0x85A5200D, 0x00000000, 0x30182013, 0x227B2015, 0x6A000000,
0x41F82193, 0x00000000, 0x21FC0001, 0x00000001, 0x3418214C, 0xA0000002, 0x24DBA102, 0x41F82193,
0x00000000, 0x32182111, 0x21780001, 0x00000006, 0xA0000001, 0x66001D27, 0x62001DAA, 0x2194A10D,
0x00000001, 0x3200214B, 0x21780001, 0x00000000, 0xA0000001, 0x66001D37, 0x3239E14B, 0x21780001,
0x00000001, 0xA0000001, 0x66001D37, 0x2139210D, 0x00000009, 0x2139E14B, 0x00000000, 0x85C6210D,
0x00000001, 0x52F82193, 0x21780001, 0x00000001, 0xA0000000, 0x44F82193, 0x3229614C, 0x21780001,
0x00000000, 0xA0000001, 0x66001D48, 0x54F82193, 0x21FC0001, 0x00001388, 0xA0000008, 0x66001D39,
0x21DBA102, 0x00000000, 0x2229614C, 0x68001970, 0x32182111, 0x21780001, 0x00000005, 0xA0000001,
0x66001D52, 0x62001DAA, 0x216B6118, 0x00000001, 0x32182111, 0x21780001, 0x00000004, 0xA0000001,
0x66001D5A, 0x62001DAA, 0x32182111, 0x21780001, 0x00000003, 0xA0000001, 0x66001D60, 0x62001DAA,
0x328C6115, 0x21780001, 0x00000000, 0xA0000001, 0x66001D6A, 0x2184210D, 0x00000001, 0x85B5A10D,
0x00000001, 0x62001D6E, 0x218C610D, 0x00000001, 0x85BDE10D, 0x00000001, 0x32182111, 0x21780001,
0x00000002, 0xA0000001, 0x66001D74, 0x62001DAA, 0x32492111, 0x21780001, 0x00000001, 0xA0000000,
0x24492111, 0x3221214C, 0x21780001, 0x00000000, 0xA0000001, 0x66001D83, 0x34492111, 0x21FC0001,
0x0000003C, 0xA0000008, 0x66001D74, 0x34492111, 0x21FC0001, 0x0000003C, 0xA0000008, 0x66001D8B,
0x21182111, 0x00000002, 0x62001DAA, 0x2121214C, 0x00000000, 0x6800197E, 0x680019AB, 0x680019F1,
0x68001A23, 0x21DEE120, 0x00000001, 0x224A6118, 0x21DEE120, 0x00000000, 0x224A6118, 0x21002115,
0x00000001, 0x22296115, 0x22212115, 0x22086115, 0x325A2112, 0x21780001, 0x00000001, 0xA0000007,
0x66001DA3, 0x2131A115, 0x00000001, 0x8510A11C, 0x00000000, 0x21DEE120, 0x00000001, 0x21086115,
0x00000001, 0x22DEE120, 0x6A000000, 0x214A6118, 0x00000001, 0x21DEE120, 0x00000000, 0x2231A115,
0x22086115, 0x32182111, 0x21780001, 0x00000001, 0xA0000001, 0x66001DB9, 0x30182111, 0x22ACA10F,
0x62001E34, 0x325A2112, 0x21780001, 0x00000000, 0xA0000001, 0x66001DC4, 0x32182111, 0x21780001,
0x00000004, 0xA0000001, 0x66001DC4, 0x62001E34, 0x21DBA102, 0x00000000, 0x22002115, 0x80000005,
0x22212115, 0x80000005, 0x22296115, 0x224A6118, 0x68001A5D, 0x68001A3D, 0x68001A0C, 0x680019D2,
0x68001998, 0x2121214C, 0x00000001, 0x32182111, 0x21780001, 0x00000002, 0xA0000001, 0x66001DDB,
0x30182111, 0x22ACA10F, 0x62001E34, 0x325A2112, 0x21780001, 0x00000001, 0xA0000001, 0x66001DE8,
0x32182111, 0x21780001, 0x00000003, 0xA0000001, 0x66001DE8, 0x30182111, 0x22ACA10F, 0x62001E34,
0x328C6115, 0x21780001, 0x00000000, 0xA0000001, 0x66001DF9, 0x2184210D, 0x00000000, 0x329CE10D,
0x21780001, 0x00000000, 0xA0000001, 0x66001E04, 0x413922E1, 0x00000001, 0x85B5A10D, 0x00000000,
0x62001E04, 0x218C610D, 0x00000000, 0x32A5210D, 0x21780001, 0x00000000, 0xA0000001, 0x66001E04,
0x416262E1, 0x00000001, 0x85BDE10D, 0x00000000, 0x32182111, 0x21780001, 0x00000003, 0xA0000001,
0x66001E14, 0x325A2112, 0x21780001, 0x00000000, 0xA0000001, 0x66001E11, 0x21182111, 0x00000006,
0x62001E14, 0x30182111, 0x22ACA10F, 0x62001E34, 0x32182111, 0x21780001, 0x00000004, 0xA0000001,
0x66001E1C, 0x30182111, 0x22ACA10F, 0x62001E34, 0x216B6118, 0x00000000, 0x32182111, 0x21780001,
0x00000005, 0xA0000001, 0x66001E26, 0x30182111, 0x22ACA10F, 0x62001E34, 0x68001977, 0x2129614C,
0x00000001, 0x2194A10D, 0x00000000, 0x32AD610D, 0x21780001, 0x00000000, 0xA0000001, 0x66001E32,
0x85C6210D, 0x00000000, 0x30182111, 0x22ACA10F, 0x6A000000, 0x218C6010, 0x00000000, 0x22DBA002,
0x327B2015, 0x21780001, 0x00000001, 0xA0000000, 0x24F8000B, 0x50F8218F, 0x50F8218F, 0x30F80004,
0x6C000000, 0x62001E5B, 0x62001E49, 0x62001E4B, 0x62001E4D, 0x62001E56, 0x62001E58, 0x62001E5A,
0x62001E5B, 0x68001C4C, 0x62001E5B, 0x68001C39, 0x62001E5B, 0x325A2014, 0x21780001, 0x00000000,
0xA0000001, 0x66001E54, 0x68001BF9, 0x62001E5B, 0x68001C39, 0x62001E5B, 0x68001C11, 0x62001E5B,
0x68001C0B, 0x62001E5B, 0x68001BF9, 0x30182013, 0x227B2015, 0x218C6010, 0x00000001, 0x00000000,
0x218C6010, 0x00000000, 0x22DBA002, 0x327B2015, 0x21780001, 0x00000001, 0xA0000000, 0x24F8000B,
0x50F8218F, 0x50F8218F, 0x30F80004, 0x6C000000, 0x62001E73, 0x62001E75, 0x62001E77, 0x62001E79,
0x62001E7B, 0x62001E7D, 0x62001E7E, 0x68001C51, 0x62001E7E, 0x68001C66, 0x62001E7E, 0x68001CB2,
0x62001E7E, 0x68001CE6, 0x62001E7E, 0x68001CE6, 0x62001E7E, 0x68001CEE, 0x218C6010, 0x00000001,
0x00000000, 0x2100210F, 0x00000000, 0x22DBA102, 0x32ACA10F, 0x21780001, 0x00000001, 0xA0000000,
0x24F8000B, 0x50F8218F, 0x50F8218F, 0x30F80004, 0x6C000000, 0x62001EA7, 0x62001E95, 0x62001E97,
0x62001E99, 0x62001EA2, 0x62001EA4, 0x62001EA6, 0x62001EA7, 0x68001DA7, 0x62001EA7, 0x68001D6E,
0x62001EA7, 0x325A2112, 0x21780001, 0x00000000, 0xA0000001, 0x66001EA0, 0x68001D1A, 0x62001EA7,
0x68001D6E, 0x62001EA7, 0x68001D54, 0x62001EA7, 0x68001D4C, 0x62001EA7, 0x68001D1A, 0x30182111,
0x22ACA10F, 0x2100210F, 0x00000001, 0x32ACA10F, 0x21780001, 0x00000000, 0xA0000001, 0x66001EC5,
0x328C610F, 0x21780001, 0x00000001, 0xA0000001, 0x66001EC5, 0x3200214B, 0x21780001, 0x00000000,
0xA0000001, 0x66001EBC, 0x21B5A14C, 0x00000000, 0x325A2112, 0x21780001, 0x00000001, 0xA0000001,
0x66001EC5, 0x21682103, 0x0000004B, 0x2173A103, 0x00000001, 0x00000000, 0x2100210F, 0x00000000,
0x22DBA102, 0x3200214B, 0x21780001, 0x00000000, 0xA0000001, 0x66001ED1, 0x2100212E, 0x00000001,
0x22B5A14C, 0x32182111, 0x21780001, 0x00000001, 0xA0000001, 0x66001EDD, 0x21DEE120, 0x00000000,
0x22086115, 0x21ACA10F, 0x00000001, 0x2200210F, 0x62001EFA, 0x32ACA10F, 0x21780001, 0x00000001,
0xA0000000, 0x24F8000B, 0x50F8218F, 0x50F8218F, 0x30F80004, 0x6C000000, 0x62001EED, 0x62001EEF,
0x62001EF1, 0x62001EF3, 0x62001EF5, 0x62001EF7, 0x62001EF8, 0x68001DAB, 0x62001EF8, 0x68001DB9,
0x62001EF8, 0x68001DE8, 0x62001EF8, 0x68001E1C, 0x62001EF8, 0x68001E1C, 0x62001EF8, 0x68001E26,
0x2100210F, 0x00000001, 0x00000000, 0x2173A10E, 0x00000001, 0x22BDE12F, 0x68001A53, 0x68002030,
0x68002055, 0x2128E12C, 0x00000007, 0x21D5E12E, 0x0000000A, 0x21B5A12E, 0x00000001, 0x2110612C,
0x00000000, 0x2121212E, 0x00000001, 0x21DDE12D, 0x00000009, 0x62001F4A, 0x2130614B, 0x00000000,
0x22C4212C, 0x22FE612C, 0x2100212C, 0x00000001, 0x8500212C, 0x00000000, 0x32F02130, 0x21780001,
0x00000000, 0xA0000001, 0x66001F20, 0x3230614B, 0x21780001, 0x00000001, 0xA0000000, 0x2430614B,
0x21C4212C, 0x00000014, 0x21FE612C, 0x00000000, 0x2100212C, 0x00000001, 0x8500212C, 0x00000000,
0x32F02130, 0x21780001, 0x00000000, 0xA0000001, 0x66001F32, 0x3230614B, 0x21780001, 0x00000001,
0xA0000000, 0x2430614B, 0x21C4212C, 0x000001EC, 0x21FE612C, 0x00000000, 0x2100212C, 0x00000001,
0x8500212C, 0x00000000, 0x32F02130, 0x21780001, 0x00000000, 0xA0000001, 0x66001F44, 0x3230614B,
0x21780001, 0x00000001, 0xA0000000, 0x2430614B, 0x3230614B, 0x21780001, 0x00000003, 0xA0000001,
0x66001F4A, 0x62001F4B, 0x62001F0E, 0x21DEE120, 0x00000000, 0x8000000A, 0x21DEE120, 0x00000001,
0x8000BA98, 0x2231A115, 0x2173A10E, 0x00000000, 0x22BDE12F, 0x00000000, 0x00000000, 0x00000000,
0x6A000000, 0x6A000000, 0x6A000000, 0x21B58015, 0x00000000, 0x22A50015, 0x22840101, 0x80000005,
0x227BC101, 0x22210015, 0x21A50015, 0x00000001, 0x22B58015, 0x6A000000, 0x21B58015, 0x00000000,
0x22A50015, 0x22840101, 0x80000005, 0x227BC101, 0x50FFBF74, 0x2283C015, 0x21210015, 0x00000000,
0x21A50015, 0x00000001, 0x22B58015, 0x6A000000, 0x21BDC015, 0x00000000, 0x22AD4015, 0x22840201,
0x80000005, 0x227BC201, 0x22294015, 0x21AD4015, 0x00000001, 0x22BDC015, 0x6A000000, 0x21BDC015,
0x00000000, 0x22AD4015, 0x22840201, 0x80000005, 0x227BC201, 0x50FFBF76, 0x22944015, 0x21294015,
0x00000000, 0x21AD4015, 0x00000001, 0x22BDC015, 0x6A000000, 0x21B58015, 0x00000000, 0x22A50015,
0x22840101, 0x80000005, 0x227BC101, 0x306B0134, 0x2283C015, 0x21210015, 0x00000001, 0x227BC101,
0x22840101, 0x22A50015, 0x22B58015, 0x6A000000, 0x21BDC015, 0x00000000, 0x22AD4015, 0x22840201,
0x80000005, 0x227BC201, 0x306B0234, 0x22944015, 0x21294015, 0x00000001, 0x227BC201, 0x22840201,
0x22AD4015, 0x22BDC015, 0x6A000000, 0x68001F5B, 0x00000000, 0x68001F74, 0x00000000, 0x68001F8D,
0x00000000, 0x68001F9C, 0x00000000, 0x2173A003, 0x00000001, 0x34C58000, 0x21FC0001, 0x00000002,
0xA0000008, 0x66001FBC, 0x2173A403, 0x00000001, 0x6A000000, 0x85842007, 0x00000001, 0x34C58000,
0x21FC0001, 0x00000002, 0xA0000008, 0x66001FC6, 0x85842407, 0x00000001, 0x6A000000, 0x85842007,
0x00000001, 0x85842207, 0x00000001, 0x34C58000, 0x21FC0001, 0x00000002, 0xA0000008, 0x66001FD4,
0x85842407, 0x00000001, 0x85842607, 0x00000001, 0x6A000000, 0x85842107, 0x00000001, 0x85842307,
0x00000001, 0x34C58000, 0x21FC0001, 0x00000002, 0xA0000008, 0x66001FE2, 0x85842507, 0x00000001,
0x85842707, 0x00000001, 0x6A000000, 0x8510A11C, 0x00000000, 0x8510A31C, 0x00000000, 0x34C58000,
0x21FC0001, 0x00000002, 0xA0000008, 0x66001FF0, 0x8510A51C, 0x00000000, 0x8510A71C, 0x00000000,
0x6A000000, 0x00000000, 0x2100210F, 0x00000000, 0x21D6A14C, 0x00000001, 0x3200214B, 0x21780001,
0x00000000, 0xA0000001, 0x66001FFD, 0x2139210D, 0x00000003, 0x00000000, 0x2100210F, 0x00000000,
0x325A2112, 0x21780001, 0x00000001, 0xA0000001, 0x66002012, 0x2100210F, 0x00000001, 0x3231A115,
0x21780001, 0x00000001, 0xA0000001, 0x6600200D, 0x6200202F, 0x21682103, 0x0000004B, 0x2173A103,
0x00000001, 0x6200202F, 0x32002111, 0x21780001, 0x00000001, 0xA0000001, 0x66002021, 0x21CE614C,
0x00000001, 0x3200214B, 0x21780001, 0x00000000, 0xA0000001, 0x6600202F, 0x2139210D, 0x00000001,
0x6200202F, 0x32086111, 0x21780001, 0x00000001, 0xA0000001, 0x6600202F, 0x21C6214C, 0x00000001,
0x3200214B, 0x21780001, 0x00000000, 0xA0000001, 0x6600202F, 0x2139210D, 0x00000002, 0x00000000,
0x32ACA10F, 0x21780001, 0x00000000, 0xA0000007, 0x66002036, 0x62002050, 0x32422121, 0x21780001,
0x00000001, 0xA0000001, 0x6600203F, 0x858C6121, 0x00000001, 0x21422121, 0x00000000, 0x21382121,
0x00000000, 0x21422121, 0x00000001, 0x858C6121, 0x00000001, 0x21422121, 0x00000000, 0x21842115,
0x00000001, 0x22002126, 0x80000032, 0x854A6126, 0x00000001, 0x21002126, 0x00000000, 0x22842115,
0x6A000000, 0x2173A10E, 0x00000001, 0x68002030, 0x00000000, 0x218A6139, 0x00000000, 0x22402139,
0x80000032, 0x2200212C, 0x2239E116, 0x2139E116, 0x00000001, 0x21BDE12F, 0x00000000, 0x2200212E,
0x6A000000, 0x52C63E73, 0x348C6131, 0xA0000001, 0x6600206F, 0x52FC3E73, 0x348A6131, 0xA0000000,
0x44FC3E73, 0x52FC3E73, 0x21780001, 0x00000001, 0xA000000A, 0x44FC3E73, 0x62002091, 0x52C63E73,
0x21780001, 0x00000001, 0xA0000001, 0x66002083, 0x21FC0001, 0x00000100, 0x54BC3E73, 0xA0000001,
0x24F8000B, 0x328A6131, 0x34F8000B, 0xA0000001, 0x24F8000B, 0x32F8000B, 0x21780001, 0x00000001,
0xA000000A, 0x44FC3E73, 0x62002091, 0x21FC0001, 0x00000100, 0x34826131, 0xA0000001, 0x24F8000B,
0x52FC3E73, 0x34F8000B, 0xA0000001, 0x24F8000B, 0x32F8000B, 0x21780001, 0x00000001, 0xA000000A,
0x44FC3E73, 0x52423E73, 0x34422131, 0xA0000001, 0x6600209F, 0x52783E73, 0x34402131, 0xA0000000,
0x44783E73, 0x52783E73, 0x21780001, 0x00000001, 0xA000000A, 0x44783E73, 0x620020C1, 0x52423E73,
0x21780001, 0x00000001, 0xA0000001, 0x660020B3, 0x21FC0001, 0x00000100, 0x54383E73, 0xA0000001,
0x24F8000B, 0x32402131, 0x34F8000B, 0xA0000001, 0x24F8000B, 0x32F8000B, 0x21780001, 0x00000001,
0xA000000A, 0x44783E73, 0x620020C1, 0x21FC0001, 0x00000100, 0x34382131, 0xA0000001, 0x24F8000B,
0x52783E73, 0x34F8000B, 0xA0000001, 0x24F8000B, 0x32F8000B, 0x21780001, 0x00000001, 0xA000000A,
0x44783E73, 0x41FE7E73, 0x00000000, 0x417A7E73, 0x00000000, 0x6A000000, 0x2173A10E, 0x00000001,
0x32ACA10F, 0x21780001, 0x00000000, 0xA0000007, 0x660020D5, 0x68000C36, 0x41FC3E73, 0x00000000,
0x41783E73, 0x00000000, 0x21DBA102, 0x00000000, 0x6200210E, 0x68000C36, 0x68002055, 0x21B5A12E,
0x00000001, 0x22AD612E, 0x2273A12E, 0x22BDE12F, 0x2200212C, 0x41FE3E78, 0x00000000, 0x620020F8,
0x85FFE130, 0x00000000, 0x85FFE130, 0x00000001, 0x21DEE12B, 0x00000001, 0x21DEE12B, 0x00000000,
0x52FE3E78, 0x21780001, 0x00000000, 0xA0000001, 0x660020F2, 0x308A6131, 0x42FC3E73, 0x30402131,
0x42783E73, 0x620020F3, 0x68002061, 0x52FE3E78, 0x21780001, 0x00000001, 0xA0000000, 0x44FE3E78,
0x52383E70, 0x21780001, 0x00000001, 0xA0000001, 0x24F8000B, 0x54FE3E78, 0x32F8000B, 0xA0000008,
0x660020E0, 0x21AD612E, 0x00000000, 0x21DEE12B, 0x00000001, 0x21DEE12B, 0x00000000, 0x8500212C,
0x00000000, 0x68002061, 0x2173A12E, 0x00000000, 0x22DEE12B, 0x22DBA102, 0x00000000, 0x2100210F,
0x00000000, 0x21DEE14C, 0x00000001, 0x3200214B, 0x21780001, 0x00000000, 0xA0000001, 0x6600211A,
0x2139210D, 0x00000004, 0x00000000, 0x6A000000, 0x2173A10E, 0x00000001, 0x6800211B, 0x00000000,
0x32ACA10F, 0x21780001, 0x00000000, 0xA0000007, 0x66002126, 0x62002183, 0x68000C36, 0x68002055,
0x215A612C, 0x00000000, 0x2141A12C, 0x00000001, 0x217B212C, 0x00000000, 0x2118212A, 0x00000001,
0x21E56129, 0x0000007F, 0x21A36129, 0x00000032, 0x2261E129, 0x2130E129, 0x00000003, 0x2194A12A,
0x00000000, 0x2184212E, 0x00000001, 0x21FE612C, 0x00000000, 0x22C4212C, 0x2110612C, 0x00000001,
0x22B5A12E, 0x22AD612E, 0x32D5E12E, 0x21780001, 0x00000005, 0xA0000007, 0x6600214C, 0x32D5E12E,
0x21780001, 0x0000000A, 0xA0000001, 0x6600214F, 0x21C6212F, 0x00000000, 0x62002151, 0x21C6212F,
0x00000001, 0x217BE12E, 0x00000001, 0x2273A12E, 0x2221212E, 0x22BDE12F, 0x2200212C, 0x32102129,
0x21780001, 0x00000001, 0xA0000004, 0x24F8000B, 0x32F8000B, 0x21780001, 0x00000000, 0xA0000007,
0x66002163, 0x85D6A12B, 0x00000001, 0x32102129, 0x21780001, 0x00000002, 0xA0000004, 0x24F8000B,
0x32F8000B, 0x21780001, 0x00000000, 0xA0000007, 0x6600216F, 0x85CE612B, 0x00000001, 0x32102129,
0x21780001, 0x00000004, 0xA0000004, 0x24F8000B, 0x32F8000B, 0x21780001, 0x00000000, 0xA0000007,
0x6600217B, 0x85C6212B, 0x00000001, 0x21AD612E, 0x00000000, 0x2273A12E, 0x22102129, 0x8500212C,
0x00000000, 0x21DBA102, 0x00000000, 0x6A000000, 0x6A000000, 0x2173A10E, 0x00000001, 0x68002120,
0x00000000, 0x00000000, 0x00000000, 0x00000000, 0x00000000, 0x00000000, 0x00000000, 0x00000000,
0x00000000, 0x00000000, 0x00000000, 0x00000000, 0x00000000, 0x00000000, 0x00000000, 0x00000000,
0x00000000, 0x00000000, 0x00000000, 0x00000000, 0x00000000, 0x00000000, 0x00000000, 0x00000000,
0x00000000, 0x00000000, 0x00000000, 0x00000000, 0x00000000, 0x00000000, 0x00000000, 0x00000000,
0x00000000, 0x00000000, 0x00000000, 0x00000000, 0x00000000, 0x00000000, 0x00000000, 0x00000000,
0x00000000, 0x00000000, 0x00000000, 0x00000000, 0x00000000, 0x00000000, 0x00000000, 0x00000000,
0x00000000, 0x00000000, 0x00000000, 0x00000000, 0x00000000, 0x00000000, 0x00000000, 0x00000000,
0x00000000, 0x00000000, 0x00000000, 0x00000000, 0x00000000, 0x00000000, 0x00000000, 0x00000000,
0x00000000, 0x00000000, 0x00000000, 0x00000000, 0x00000000, 0x00000000, 0x00000000, 0x00000000,
0x00000000, 0x00000000, 0x00000000, 0x00000000, 0x00000000, 0x00000000, 0x00000000, 0x00000000,
0x00000000, 0x00000000, 0x00000000, 0x00000000, 0x00000000, 0x00000000, 0x00000000, 0x00000000,
0x00000000, 0x00000000, 0x00000000, 0x00000000, 0x00000000, 0x00000000, 0x00000000, 0x00000000,
0x00000000, 0x00000000, 0x00000000, 0x00000000, 0x00000000, 0x00000000, 0x03B8A3D0, 0x32000000,
0x1A000000, 0x370000C6, 0x000018D3, 0x04082502, 0x2005400A, 0x010FA507, 0x008FA502, 0x00652A70,
0x000084D0, 0x00003CF0, 0x43BA8F50, 0x0C800000, 0x06800000, 0x37000319, 0x0200018D, 0x04208504,
0x08141028, 0x000FA507, 0x008FA504, 0x012F7F50, 0x000084D0, 0x00003CF0, 0x140A2945, 0x012C1770,
0x00008100, 0x140A2945, 0x012C1770, 0x00008100, 0x03286660, 0x50000000, 0x1A000000, 0x2F0000C6,
0x000027B8, 0x24082502, 0x2005400A, 0x011F4287, 0x009F4502, 0x009E3BD0, 0x0000A604, 0x00004C40,
0x43299980, 0x14000000, 0x06800000, 0x2F000319, 0x0200027A, 0x24208504, 0x08141028, 0x011F4147,
0x009F4504, 0x009E3BD0, 0x0000A604, 0x00004C40, 0x140FA1F4, 0x012C1770, 0x00008100, 0x140FA1F4,
0x012C1770, 0x00008100, 0x000D0399, 0x000D0391, 0x000902C1, 0x00090441, 0x00090441, 0x68E80121,
0x8100304B, 0x007E801A, 0x21293922, 0x025073CC, 0x68E40121, 0x4100304B, 0x007E801A, 0x21293922,
0x025073CC, 0x08E01121, 0x2080204B, 0x007E801A, 0x21293922, 0x03B0B947, 0x18C032B7, 0x2100304B,
0x007E801A, 0x21293922, 0x03B0B947, 0x68E80121, 0x8100312C, 0x007E8068, 0x24A4B922, 0x025073CC,
0x68E40121, 0x4100312C, 0x007E8068, 0x24A4B922, 0x025073CC, 0x08E01121, 0x2080212C, 0x007E8068,
0x24A4B922, 0x03B0B947, 0x18C032B7, 0x2100312C, 0x007E8068, 0x24A4B922, 0x03B0B947, 0x82A85B0C,
0x5A000000, 0x1A000000, 0x270000C6, 0x00002CAF, 0x44082503, 0x2005400A, 0x01113507, 0x00913502,
0x0038F126, 0x00007B89, 0x000024E0, 0xC2A96C0C, 0x16800000, 0x06800000, 0x27000319, 0x020002CA,
0x44208504, 0x08141028, 0x00113287, 0x00913504, 0x0038F126, 0x00007B89, 0x000024E0, 0x14089913,
0x012C1770, 0x00008100, 0x14089913, 0x012C1770, 0x00008100, 0x000D0199, 0x000D0399, 0x000D0391,
0x00090381, 0x60EA28F1, 0x8080204B, 0x007E801A, 0x21293922, 0x02C08AF5, 0x68F809B7, 0x8100304B,
0x007E801A, 0x21293922, 0x02C08AF5, 0x68F409B7, 0x4100304B, 0x007E801A, 0x21293922, 0x02C08AF5,
0x08F009B7, 0x2100304B, 0x007E801A, 0x21293922, 0x02D08B47, 0x60EA28F1, 0x8080212C, 0x007E8068,
0x24A4B922, 0x02C08AF5, 0x68F809B7, 0x8100312C, 0x007E8068, 0x24A4B922, 0x02C08AF5, 0x68F409B7,
0x4100312C, 0x007E8068, 0x24A4B922, 0x02C08AF5, 0x08F009B7, 0x2100312C, 0x007E8068, 0x24A4B922,
0x02C08B07, 0x43BA8F50, 0x0C800000, 0x06800000, 0x37000319, 0x0200018D, 0x04208504, 0x08141028,
0x000FA507, 0x008FA504, 0x00652A70, 0x000084D0, 0x00003CF0, 0x140A2945, 0x012C1770, 0x00008100,
0x140A2945, 0x012C1770, 0x00008100, 0x00090511, 0x00090441, 0x68E42121, 0x410037D0, 0x007E8068,
0x44A4B922, 0x025073CC, 0x08E03121, 0x2100312C, 0x007E8068, 0x44A4B922, 0x025073CC, 0x43F8AECC,
0x2EE00000, 0x1A000000, 0x370000C6, 0x01001745, 0x04082502, 0x2005400A, 0x000E1147, 0x009C2502,
0x43F8A3D0, 0x32000000, 0x1A000000, 0x370000C6, 0x000018D3, 0x04082502, 0x2005400A, 0x010E1147,
0x009C2502, 0x000D0199, 0x000D0191, 0x68EC2121, 0x80802019, 0x007E8034, 0x82524422, 0x02507417,
0x68F861B7, 0x80802019, 0x00BD8034, 0x82524843, 0x02E0911C, 0x00000000, 0x00000000, 0x00000000,
0x00000000, 0x00000000, 0x00000000, 0x00000000, 0x00000000, 0x00000000, 0x00000000, 0x00000000,
0x00000000, 0x00000000, 0x00000000, 0x00000000, 0x00000000, 0x00000000, 0x00000000, 0x00000000,
0x00000000, 0x00000000, 0x00000000, 0x00000000, 0x00000000, 0x00000000, 0x00000000, 0x00000000,
0x00000000, 0x00000000, 0x00000000, 0x00000000, 0x00000000, 0x00000000, 0x00000000, 0x00000000,
0x0A00006F, 0x00000000, 0x44536948, 0x00000000, 0x6E616958, 0x676E6159, 0x6164415F, 0x415F7470,
0x565F4950, 0x2E302E31, 0x52535F35, 0x565F4D41, 0x2E322E31, 0x00000035, 0x00000000, 0x00000000,
0x00000000, 0x00000000, 0x00000000, 0x00000000, 0x00000000, 0x00000000, 0x00000000, 0x00000000,
0x00000000, 0x00000000, 0x00000000, 0x00000000, 0x00000000, 0x00000000, 0x00000000, 0x00000000,
0x00010137, 0x9B810113, 0x859365BD, 0xF5377B85, 0x0513EEEE, 0xC188EEE5, 0xC588C1C8, 0x8082C5C8,
0x006F37C5, 0x00003030, 0xFFF10F8B, 0x00736121, 0x01373020, 0x01130001, 0x15979B81, 0x85930000,
0x9073A285, 0x00733415, 0x00013020, 0x1F8B7139, 0x40EFFFF1, 0xD9692EF0, 0x7139BFE9, 0xFFF11F8B,
0x303040EF, 0xB7F1D171, 0x1F8B7139, 0x4501FFF1, 0x2F7040EF, 0xBF75D955, 0x1F8B7139, 0x4505FFF1,
0x2E7040EF, 0xB775D155, 0x1F8B7139, 0x4501FFF1, 0x2DB040EF, 0xBF71D951, 0x1F8B7139, 0x4505FFF1,
0x2CB040EF, 0xB771D151, 0x1F8B7139, 0x4509FFF1, 0x2BB040EF, 0xBFB5D935, 0x1F8B7139, 0x450DFFF1,
0x2AB040EF, 0xB7B5D135, 0x1F8B7139, 0x4511FFF1, 0x29B040EF, 0xBFB1D931, 0x1F8B7139, 0x4515FFF1,
0x28B040EF, 0xB7B1D131, 0x1F8B7139, 0x4519FFF1, 0x27B040EF, 0xBF35D915, 0x1F8B7139, 0x451DFFF1,
0x26B040EF, 0xB735D115, 0x1F8B7139, 0x4501FFF1, 0x2E9040EF, 0xBF31D911, 0x1F8B7139, 0x4505FFF1,
0x2D9040EF, 0xB731D111, 0x1F8B7139, 0x4509FFF1, 0x2C9040EF, 0xEE050AE3, 0x7139BDED, 0xFFF11F8B,
0x40EF450D, 0x01E32B70, 0xB5E5EE05, 0x1F8B7139, 0x4511FFF1, 0x2A5040EF, 0xEC0508E3, 0x7139BDD9,
0xFFF11F8B, 0x40EF4515, 0x0FE32930, 0xB5D1EA05, 0x1F8B7139, 0x4519FFF1, 0x281040EF, 0xEA0506E3,
0x7139BD4D, 0xFFF11F8B, 0x40EF451D, 0x0DE326F0, 0xB545E805, 0x0001BD65, 0x0001B5C9, 0x0001B5F1,
0x0001BDE1, 0x0001B5D5, 0x0001BDC5, 0x0001BDF5, 0x0001B721, 0x0001BF11, 0x0001B705, 0x0001B735,
0x0001BF25, 0x0001B791, 0x0001BF81, 0x0001BFB1, 0x0001B7AD, 0x0001BFA5, 0x0001B759, 0x0001BF51,
0x0397B74D, 0x83930000, 0x42E9FB23, 0x83B3028A, 0x03854053, 0x30539073, 0x23378082, 0x03132222,
0x10732223, 0x2337BC03, 0x03132222, 0x10732223, 0x2337BC13, 0x03132222, 0x10732223, 0x2337BC23,
0x03132222, 0x10732223, 0x4385BC33, 0xBFE39073, 0xC40003B7, 0x30439073, 0x13FD6391, 0xBE039073,
0x20734321, 0x80823003, 0xC6061141, 0xC226C422, 0x57F000EF, 0x64C14789, 0xC11C842A, 0x85134681,
0x4601DE04, 0x00EF55FD, 0x401439D0, 0xDE048513, 0x05B74671, 0x00EFF000, 0x852238D0, 0x58B000EF,
0x44228522, 0x449240B2, 0x006F0141, 0x11015750, 0xCC22CE06, 0xC62ACA26, 0x537000EF, 0x842A45B2,
0x571000EF, 0x02634785, 0x400404F5, 0xF4634789, 0xC01C0097, 0x40184489, 0x879367B9, 0x070A79C7,
0x439C97BA, 0x97828522, 0x8A634014, 0x65410096, 0x05B74671, 0x0513F000, 0x00EFDE05, 0x40483290,
0x446240F2, 0x610544D2, 0x45018082, 0x1101BFD5, 0x00410293, 0x01E2968B, 0xC15C4785, 0x00EF89AA,
0x8A2A4E30, 0x46016541, 0x051355FD, 0x00EFDCC5, 0x67B92C90, 0x89138AAA, 0x44017A87, 0x7A878493,
0x03445463, 0x00894683, 0x00492603, 0x00092583, 0x09418556, 0x493000EF, 0x0412C515, 0x445C9426,
0x0009A223, 0x00F9A023, 0x0049A683, 0x00410293, 0x868B6541, 0x460101E2, 0x05134585, 0x6105DE05,
0x2A30006F, 0xBF6D0405, 0xC4221141, 0x6541842A, 0x05B74669, 0x05130400, 0xC606DCC5, 0x00EFC226,
0x47852590, 0x02F51163, 0x852284AA, 0x459000EF, 0x0513C919, 0x40EF00C4, 0xC00410F0, 0x442240B2,
0x01414492, 0x47898082, 0xBFCDC01C, 0xC4221141, 0x0531842A, 0x40EFC606, 0xC1191490, 0xC01C4789,
0x442240B2, 0x80820141, 0x00052023, 0x46816541, 0x05B7467D, 0x05138000, 0x006FDC05, 0x11412290,
0xC606C422, 0x289D842A, 0x44228522, 0x014140B2, 0x6F30006F, 0xCE061101, 0xCA26CC22, 0x00EFC62A,
0x45B26830, 0x10EF842A, 0x47851410, 0x04F50663, 0x47A14044, 0x0097F863, 0x00EF4505, 0x479D1550,
0x449DC05C, 0x971367BD, 0x87930024, 0x97BA8C87, 0x8522439C, 0x40549782, 0x00968A63, 0x46716541,
0xF00005B7, 0xDBC50513, 0x1BB000EF, 0x40F24008, 0x44D24462, 0x80826105, 0xBFD54501, 0xC6061141,
0x00EFC422, 0x479D61F0, 0xC15C6441, 0x0513469D, 0x4671DBC4, 0xF00005B7, 0x18B000EF, 0xDC040513,
0x467D4681, 0x800005B7, 0x17B000EF, 0xDBC40513, 0x46514681, 0x0FF005B7, 0x16B000EF, 0xDBC40513,
0x46414681, 0x000F05B7, 0x15B000EF, 0xDBC40513, 0x46314681, 0x00EF65BD, 0x658514D0, 0xDBC40513,
0x46214681, 0xF0058593, 0x13B000EF, 0x80040593, 0xDC840513, 0x462D4681, 0x12B000EF, 0x0B3000EF,
0x40B24422, 0x006F0141, 0x11410B90, 0x842AC422, 0x46856541, 0x05B7467D, 0x05138000, 0xC606DC05,
0x103000EF, 0xC05C47A1, 0x442240B2, 0x80820141, 0x02931101, 0x968B0081, 0x89AA00E2, 0x46016541,
0x051355FD, 0x00EFD945, 0x67BD0B10, 0x89138A2A, 0x44018987, 0x89878493, 0x55B000EF, 0x02A44063,
0x65414785, 0x00F9A023, 0x467D4685, 0x800005B7, 0xDC050513, 0x0AF000EF, 0xA815479D, 0x00894683,
0x00492603, 0x00092583, 0x09418552, 0x25B000EF, 0x6541C51D, 0x0009A023, 0x467D4681, 0x800005B7,
0xDC050513, 0x00EF0412, 0x942607D0, 0xA223445C, 0x029300F9, 0x868B0081, 0x610500E2, 0x04058082,
0xC14CBF61, 0x7600206F, 0xC6061141, 0xC226C422, 0x47914104, 0x0097FE63, 0x7F6000EF, 0x00EF4589,
0x440175A0, 0x40B28522, 0x44924422, 0x80820141, 0x0713673D, 0x97939FC7, 0x97BA0024, 0x842A439C,
0x40149782, 0x44014795, 0xFCF68EE3, 0x8BE34405, 0x6541FC96, 0x05B74651, 0x05130FF0, 0x00EFDBC5,
0xB7C90050, 0xC4221141, 0x6541842A, 0x05B74665, 0x05130200, 0xC606D945, 0x7BE000EF, 0x1D634785,
0x059300F5, 0x05130084, 0x3FA50844, 0xC05C4799, 0x442240B2, 0x80820141, 0xBFD5479D, 0x02931101,
0x968B00C1, 0x64C10062, 0x4665842A, 0x020005B7, 0xD9448513, 0x782000EF, 0x0D634985, 0x20EF0135,
0x479D6760, 0x05350363, 0x00C10293, 0x0062868B, 0x80826105, 0x0513892A, 0x373D0844, 0x467DF575,
0x800005B7, 0xDB048513, 0x74E000EF, 0x4665C10D, 0x020005B7, 0xDC048513, 0x73E000EF, 0x04A3C909,
0x85220124, 0x62A020EF, 0xC05C4789, 0x8522BF75, 0x63C020EF, 0xBF4DC048, 0x106FC50C, 0x114155D0,
0xC422C606, 0x4104C226, 0xFD63478D, 0x00EF0097, 0x45896E00, 0x440D2591, 0x40B28522, 0x44924422,
0x80820141, 0x0713673D, 0x97939B47, 0x97BA0024, 0x842A439C, 0x40149782, 0x44014791, 0xFCF68EE3,
0x8BE34405, 0x6541FC96, 0x05B74651, 0x05130FF0, 0x00EFDBC5, 0xB7C96F00, 0xC4221141, 0xC606C226,
0x00954783, 0x842A4485, 0x04979B63, 0x64C14785, 0x00F40423, 0x46754681, 0x200005B7, 0xDC048513,
0x6C2000EF, 0x66A000EF, 0x85222B71, 0x258139B5, 0x46654681, 0x020005B7, 0xDC048513, 0x6A6000EF,
0x10EF8522, 0x05934A30, 0x05130084, 0x37A90844, 0xC05C478D, 0x442240B2, 0x01414492, 0x65418082,
0x05B74669, 0x05130400, 0x00EFD945, 0x0FE364C0, 0x0423F895, 0x479D0004, 0x1141BFE9, 0x0021168B,
0x2531842A, 0x47852B89, 0x04F51D63, 0x64C14054, 0x8593462D, 0x892A8004, 0xDC848513, 0x85222599,
0x425010EF, 0x05B74665, 0x85130200, 0x2521DC04, 0x4789C519, 0x068BC05C, 0x01410021, 0x46018082,
0x85134585, 0x2BC5DAC4, 0xFF2505E3, 0x00041423, 0x46694681, 0x040005B7, 0xD9448513, 0x479D2519,
0x0513BFD1, 0x3D650844, 0x64C1F579, 0x00040423, 0x05B74665, 0x85130200, 0x2B75DC04, 0x4681F95D,
0x05B74669, 0x85130400, 0x04A3D944, 0x2BD10004, 0x46754685, 0x200005B7, 0xDC048513, 0x852223D9,
0x3C7010EF, 0xBF41C048, 0xC550C50C, 0x1590106F, 0xC6061141, 0xC226C422, 0x478D4104, 0x0097FC63,
0x458923B9, 0x440D2955, 0x40B28522, 0x44924422, 0x80820141, 0x0713673D, 0x97939947, 0x97BA0024,
0x842A439C, 0x40149782, 0x44014791, 0xFCF68EE3, 0x8BE34405, 0x6541FC96, 0x05B74651, 0x05130FF0,
0x2385DBC5, 0x1141B7D1, 0xC226C422, 0x4783C606, 0x448500B5, 0x9C63842A, 0x65410297, 0x463D4681,
0x051365A1, 0x2B35DC05, 0x292921DD, 0x3CED8522, 0x0613297D, 0x05931144, 0x05130084, 0x37AD0844,
0xC05C4785, 0x442240B2, 0x01414492, 0x65418082, 0x05B74661, 0x05130100, 0x29F1D945, 0xFA950FE3,
0xB7C5479D, 0xC6061141, 0xC226C422, 0x2145842A, 0x478526DD, 0x02F51163, 0x65414054, 0x80050593,
0x0513462D, 0x29F1DC85, 0x44228522, 0x449240B2, 0x106F0141, 0x05130170, 0x3F190844, 0x64C1E50D,
0x46614681, 0x010005B7, 0xD9448513, 0x000405A3, 0x4685294D, 0x65A1463D, 0xDC048513, 0x8522215D,
0x02F010EF, 0x40B2C048, 0x44924422, 0x80820141, 0xA50367BD, 0x8082C187, 0xA78367BD, 0x8533C187,
0x351340A7, 0x80820015, 0x02931101, 0x968B0081, 0x69C100E2, 0x05B7467D, 0x85138000, 0x2925BB89,
0x46814405, 0x00851D63, 0x00810293, 0xBB898513, 0x00E2868B, 0x05B7467D, 0x61058000, 0x4611A199,
0x851345C1, 0x2935DEC9, 0x64BD67BD, 0xC1448A13, 0xC207A023, 0x03D040EF, 0x00AA2023, 0x276040EF,
0x000A2683, 0x0913693D, 0x8793C089, 0x2023FFF6, 0x953E00A9, 0xAE2367BD, 0x4601C0A7, 0x851345BD,
0x2101DEC9, 0x000A2703, 0x450166BD, 0x00E417B3, 0xA62317FD, 0x2783C0F6, 0x84930009, 0x1433C144,
0x147D00F4, 0xA02367BD, 0x67BDC087, 0xC007A223, 0xA82367BD, 0x67BDC007, 0xC0E7AC23, 0xF0EF4401,
0x409C80BF, 0x00F46863, 0x00810293, 0x00E2868B, 0x80826105, 0x26858522, 0xF0EF8522, 0x0405985F,
0x7179B7CD, 0x3FE1168B, 0x6A3D693D, 0x64BD69BD, 0x6B3D6ABD, 0x6C3D6BBD, 0xC1892503, 0xC14A2783,
0xC1890413, 0x02F56263, 0xF0EF4501, 0x8713805F, 0x431CC044, 0xC3088D5D, 0xA703401C, 0xFF63C1CA,
0x078500E7, 0xBFC9C01C, 0x40082639, 0x949FF0EF, 0x8713401C, 0x1533C109, 0xBFE100F5, 0xC044A703,
0xC00B2783, 0x00042023, 0xC0448D13, 0xC1098C93, 0xC20B8413, 0x02F71663, 0x000CA703, 0xC0CC2783,
0x02F71063, 0x46856541, 0x45C14611, 0xDEC50513, 0x47852E09, 0x2023C01C, 0xA023000D, 0xBFAD000C,
0x47854018, 0xFEF719E3, 0x46816541, 0x45C14611, 0xDEC50513, 0x202324FD, 0xBFF10004, 0xC6061141,
0x378135A5, 0xC6061141, 0xF0EF2225, 0xF0EFEB8F, 0x37EDECCF, 0x450540B2, 0x80820141, 0x00052A23,
0x00052823, 0x00052023, 0x00052223, 0x00050423, 0x00050523, 0x00B504A3, 0x00C51623, 0x11418082,
0x0021168B, 0xE799411C, 0x854A4905, 0x0021068B, 0x80820141, 0x00C51483, 0x00850703, 0x08F05163,
0x1E634685, 0x415804D7, 0x56934905, 0x8F3541F7, 0x5C638F15, 0x078300F7, 0x470900A5, 0xC7B30785,
0x87B302E7, 0x162340F4, 0x842A00F5, 0x00C51503, 0x162328C1, 0x19E300A4, 0x8C89FA09, 0x0FF4F493,
0x01849513, 0x57638561, 0x04B30005, 0x95134090, 0x85610184, 0x00A404A3, 0x00A40523, 0x5D63B779,
0x07830096, 0x87B30095, 0x162340F4, 0x57FD00F5, 0x00F50423, 0xBF554901, 0x4905C954, 0x56FDB77D,
0x02D71463, 0x07B34158, 0x490540F0, 0x41F75693, 0x8F158F35, 0xF8F75BE3, 0x00A50783, 0x07854709,
0x02E7C7B3, 0xB74197A6, 0x00B4D963, 0x00950783, 0x162397A6, 0x478500F5, 0x4785BF65, 0xBF75C91C,
0x0513653D, 0x80826785, 0x0513653D, 0x80825385, 0x44814401, 0x49814901, 0x4A814A01, 0x4B814B01,
0x4C814C01, 0x4D814D01, 0x47818082, 0x00A79363, 0x07138082, 0x00010760, 0xFF75177D, 0xB7FD0785,
0x00A5C663, 0x536385AA, 0x85B200C5, 0x8082852E, 0xFFF58713, 0x87AA0742, 0x65118341, 0x02A77063,
0xCF914501, 0x00D5F363, 0x96BE86AE, 0x00D79463, 0x80824505, 0x00C78023, 0xBFCD0785, 0x80824501,
0x86AE478D, 0x00A7F963, 0x05936541, 0x4621F005, 0xDE450513, 0x6541A23D, 0x05B74661, 0x0513FF00,
0xBFCDDC85, 0x00251793, 0x0513653D, 0x953EC245, 0x00052023, 0x17938082, 0x653D0025, 0xC2450513,
0x4108953E, 0x17938082, 0x653D0025, 0xC2450513, 0x4785953E, 0x8082C11C, 0x171367BD, 0x87930025,
0x97BAC247, 0xC3984705, 0x1793BF61, 0x653D0025, 0xC3C50513, 0x2023953E, 0x80820005, 0x171367BD,
0x87930025, 0x97BAC3C7, 0x07054398, 0x6A63C398, 0x114100B7, 0xC60685B2, 0x40B237A5, 0x01414501,
0x45058082, 0x156D8082, 0x00353513, 0x86AA8082, 0x46616541, 0xFF0005B7, 0xDC850513, 0x86AAA059,
0x46416541, 0x00FF05B7, 0xDC850513, 0x6541A89D, 0x46614681, 0xFF0005B7, 0xDC850513, 0x6541A09D,
0x46414681, 0x00FF05B7, 0xDC850513, 0x67BDA899, 0xC587A503, 0x67BD8082, 0xC4A7AC23, 0x01551713,
0xAE2367BD, 0x0793C4E7, 0x05330380, 0x67BD02F5, 0xC4A7AA23, 0x77C18082, 0x26C78713, 0x0693972A,
0xF7630370, 0x879300E6, 0x97AA4C07, 0x00F6E663, 0xA78367BD, 0x8D1DC547, 0x8D6D4108, 0x00C55533,
0x77C18082, 0x26C78713, 0x0813972A, 0x77630370, 0x879300E8, 0x97AA4C07, 0x00F86663, 0xA78367BD,
0x8D1DC547, 0x96B3411C, 0x8EBD00C6, 0x8DBD8DF5, 0x8082C10C, 0x00010001, 0x00010001, 0x00010001,
0x00010001, 0x00010001, 0x060007B7, 0xCB998FE9, 0x00010001, 0x00010001, 0xA78367BD, 0x8D5DC5C7,
0x80824108, 0x00010001, 0x0001BFE5, 0x00010001, 0x00010001, 0x00010001, 0x00010001, 0x07B70001,
0x8FE90600, 0x0001CB99, 0x00010001, 0x67BD0001, 0xC5C7A783, 0xC10C8D5D, 0x00018082, 0xBFE50001,
0xC4221141, 0x00255793, 0x00755413, 0x40F407B3, 0xC6064405, 0x00F41433, 0x64633FB5, 0x04060085,
0x40B28D01, 0x05424422, 0x01418541, 0x11418082, 0xD433C422, 0x040500C5, 0x8005C606, 0x64633DED,
0x04060085, 0x40B28D01, 0x05424422, 0x01418541, 0x11418082, 0x0021168B, 0x892E84AA, 0x16634401,
0x068B0124, 0x01410021, 0x40888082, 0x04054581, 0x04913FA9, 0x1101B7ED, 0xCC22060A, 0xCE06CA26,
0x843384AA, 0x976300C5, 0x40F20085, 0x44D24462, 0x80826105, 0xC62E4188, 0x3DED0489, 0x9F2345B2,
0x0591FEA4, 0x1141B7CD, 0x168B060A, 0x842E0021, 0x84B3892A, 0x166300C5, 0x068B0094, 0x01410021,
0x55838082, 0x40080009, 0x04110909, 0xB7E53DFD, 0xCC221101, 0xCE06CA26, 0x04B3842A, 0x176300C5,
0x40F20094, 0x44D24462, 0x80826105, 0xC62E4188, 0x354D0405, 0x0FA345B2, 0x0591FEA4, 0x1141B7CD,
0x0021168B, 0x842A84AE, 0x00C50933, 0x01241663, 0x0021068B, 0x80820141, 0x00044583, 0x04054088,
0x35650491, 0x8D71B7E5, 0x00D55533, 0x07938082, 0x05330300, 0x67BD02F5, 0xC6078793, 0x8082953E,
0x80824505, 0x0713451C, 0x07853E80, 0x00F76563, 0x4501C51C, 0x24238082, 0x45050005, 0x45818082,
0x306F4505, 0x079364B0, 0xC51C3E90, 0x47D0306F, 0xC6061141, 0x70B030EF, 0x450140B2, 0x80820141,
0xC6061141, 0xC226C422, 0x335184AA, 0x30EF842A, 0x179373B0, 0x97A60014, 0x078A673D, 0xC9070713,
0xC38897BA, 0x442240B2, 0x01414492, 0x11418082, 0xC606C422, 0x3BA1842A, 0x95220506, 0x00251793,
0x442240B2, 0x0513653D, 0x953EC905, 0x01414108, 0x11418082, 0x4601C422, 0x45CD842E, 0x3109C606,
0x050665BD, 0x87058593, 0x95A295AA, 0x442240B2, 0x00058503, 0x80820141, 0x46011141, 0xC60645B9,
0x40B236C5, 0x050A67B9, 0x879365B9, 0x46117C87, 0x7B858593, 0x0141953E, 0x1101B5DD, 0x859365B9,
0x00687B85, 0xCE064611, 0x67B93565, 0x7C878793, 0x48114501, 0x470145BD, 0x86B30070, 0x963A00E7,
0x00064603, 0x0006C683, 0x00D61863, 0x15E30705, 0x40F2FF07, 0x80826105, 0x07910505, 0xFCB51DE3,
0x05136541, 0x0693DC85, 0x46410400, 0x00FF05B7, 0x450139CD, 0x1141BFF9, 0x46014599, 0x368DC606,
0x879367BD, 0x953E8047, 0x00054583, 0xC53740B2, 0x05131215, 0x01415A45, 0xC537BB0D, 0x11411215,
0x5A450513, 0x31FDC606, 0x45994601, 0xB35FF0EF, 0x67BD40B2, 0x80478793, 0x0503953E, 0x01410005,
0x11418082, 0x45B14601, 0xC422C606, 0xB15FF0EF, 0x0506643D, 0x81840413, 0x4583942A, 0xA5370004,
0x05131215, 0x31D52045, 0x00144583, 0x40B24422, 0x1215B537, 0x49850513, 0xB9C10141, 0x46011141,
0xC60645CD, 0xF0EFC422, 0x643DADBF, 0x04130506, 0x942A8704, 0x00040503, 0x0503376D, 0x44220014,
0x014140B2, 0xA537BDD1, 0x11411215, 0x20450513, 0xC422C606, 0x842A3185, 0x1215B537, 0x49850513,
0x95223991, 0x442240B2, 0x853347B1, 0x014140A7, 0x11418082, 0x45914601, 0xC422C606, 0xA85FF0EF,
0x0506643D, 0x80C40413, 0x4583942A, 0xD5370004, 0x05131215, 0x39918BC5, 0x00144583, 0x40B24422,
0x1215C537, 0x73050513, 0xB1810141, 0x12112537, 0x05131141, 0xC6065A05, 0x40B23EF5, 0x053347BD,
0x014102F5, 0x05378082, 0x11411211, 0xDD850513, 0xC422C606, 0x842A36C5, 0x95223FD1, 0x442240B2,
0x80820141, 0x1214D537, 0x15411141, 0xC422C606, 0x842A36D1, 0x95223F65, 0x442240B2, 0x80820141,
0x11800793, 0x02F50533, 0x879367BD, 0x953ECB07, 0x450D8082, 0x11418082, 0xC422C606, 0x37CD842A,
0xC55C4789, 0x1F234785, 0x242306F5, 0x2D230005, 0x00230605, 0x85220805, 0xA2DFF0EF, 0x4C2030EF,
0x21758522, 0x00EF8522, 0x852233F0, 0x64B000EF, 0x30EF8522, 0x85220BA0, 0x40B24422, 0x306F0141,
0xBF5518C0, 0x02931101, 0x968B00C1, 0x842A0062, 0x00C50993, 0xF0EF5148, 0x892AA71F, 0x1212C537,
0xBC050513, 0xB31FF0EF, 0x016384AA, 0x17130209, 0x65210015, 0x46F10511, 0x55C94639, 0x108030EF,
0x30EF4511, 0xC1191AE0, 0xA8614799, 0x6541445C, 0xC81C461D, 0x38000593, 0xDA450513, 0xA9BFF0EF,
0x879367BD, 0x953E9047, 0x00050783, 0xC4448C9D, 0x445C33ED, 0x00A41C23, 0x41F7D713, 0x8F998FB9,
0x44634719, 0x262300F7, 0x46850004, 0x0F634705, 0x069300D9, 0x47110270, 0x00F6CA63, 0x470D46E1,
0x00F6C663, 0x27334739, 0x070500F7, 0x00E40AA3, 0x45994601, 0xF0EF854E, 0x84AAFC8F, 0x01841503,
0x47053B9D, 0xF8E902E3, 0x2023E889, 0x02930004, 0x868B00C1, 0x61050062, 0x54148082, 0x95E34789,
0xC01CF6E6, 0x1141B7ED, 0xC606C422, 0x00EF842A, 0x478514D0, 0x00F50663, 0xC1114795, 0xC01C4799,
0x442240B2, 0x80820141, 0xC4221141, 0x842AC606, 0x40EF4148, 0xC5056CE0, 0x4601405C, 0x0FF00593,
0x47895BC8, 0x02F54533, 0x879FF0EF, 0xC53785AA, 0x05131212, 0xF0EFBC05, 0x4795A55F, 0x40B2C01C,
0x01414422, 0x11018082, 0xCE06CC22, 0x47915158, 0x1163842A, 0x654102F7, 0x05934625, 0x05132000,
0xF0EFDB45, 0xCD11995F, 0xC01C4799, 0x446240F2, 0x80826105, 0x46296541, 0x40000593, 0xDA850513,
0x30EFB7CD, 0xF16D6F70, 0x2D8D5048, 0x450585AA, 0x1AC040EF, 0xC03E4785, 0x4048440C, 0x48A94781,
0x47014825, 0x46054689, 0x5C0040EF, 0xBF75478D, 0x02937179, 0x968B0201, 0x842A0022, 0x2D3D5148,
0x47855418, 0x1E6384AA, 0x504806F7, 0x8BBFF0EF, 0x5058ED19, 0x1F634791, 0x654104F7, 0x05B74675,
0x05132000, 0xF0EFDB45, 0x4789911F, 0x5058ED0D, 0x49094799, 0x00F70363, 0x85A64905, 0x40EF4505,
0x440C13E0, 0xCE2E4044, 0x671030EF, 0x478145F2, 0x00153613, 0x48A9C04A, 0x47014825, 0x85264685,
0x548040EF, 0xC01C4785, 0x02010293, 0x0022868B, 0x80826145, 0x467D6541, 0x800005B7, 0xDAC50513,
0x2501B75D, 0x4685872A, 0x85A64605, 0x00EF450D, 0x47917240, 0x1141BFC9, 0xC606C422, 0x4705842A,
0x02638532, 0x470902E4, 0x02E41463, 0xFC100613, 0x03F00593, 0xF2CFF0EF, 0x852285AA, 0x40B24422,
0x306F0141, 0x061363B0, 0x0593F800, 0xB7DD07F0, 0x442240B2, 0x80820141, 0xE4634789, 0x110106A7,
0x01010293, 0x0022968B, 0xFFB68793, 0x842E4905, 0x85B284AA, 0x02F96663, 0xC432C636, 0x62D030EF,
0x46B245A2, 0x01249363, 0x47998C09, 0x02F68263, 0x00140793, 0x74634709, 0x443300F7, 0x942A02E4,
0x01010293, 0x85268622, 0x0022868B, 0xB7A56105, 0x00804763, 0x00803433, 0x40800433, 0x4405B7CD,
0x8082BFF9, 0xCC221101, 0x842ACE06, 0x40EF4148, 0xCD094D20, 0x5BCC405C, 0x30EFC62E, 0x505455F0,
0x862A45B2, 0x3F8D4505, 0xC01C4799, 0x446240F2, 0x80826105, 0xC2261141, 0x1212C4B7, 0xBC048513,
0xC422C606, 0x811FF0EF, 0x05934601, 0x15710FF0, 0xE50FF0EF, 0x842A85AA, 0xBC048513, 0x82FFF0EF,
0x461D6541, 0x38000593, 0xDA450513, 0xF8AFF0EF, 0x879367BD, 0x953E9047, 0x00050783, 0x07138C1D,
0x47B10064, 0x02E7F563, 0xAD3FF0EF, 0x00150793, 0x00805463, 0xFFF50793, 0x45994601, 0xF0EF853E,
0x4422E02F, 0x449240B2, 0xF06F0141, 0x40B2A8DF, 0x44924422, 0x80820141, 0xC6061141, 0xC150C422,
0xD154C50C, 0x842AD518, 0xA93FF0EF, 0x01051613, 0x05138641, 0x458500C4, 0xC84FF0EF, 0x00042023,
0x442240B2, 0x80820141, 0xC6061141, 0x411CC422, 0x71634715, 0x654102F7, 0xDC850513, 0x04400693,
0x05B74641, 0xF0EF00FF, 0x4505F1CF, 0x442240B2, 0x80820141, 0x00279713, 0x879367BD, 0x97BA8EC7,
0x842A439C, 0x40089782, 0x35131569, 0xBFF90015, 0x0B634711, 0x87AA04E5, 0x03C00713, 0x8763450D,
0x470D04E7, 0x83634509, 0x071304E7, 0x8F630210, 0x470902E7, 0x8B634505, 0x071302E7, 0x91630200,
0x654102E7, 0x46191141, 0x04000593, 0xDA850513, 0xF0EFC606, 0x40B2E84F, 0x00153513, 0x80820141,
0xB51317C1, 0x80820017, 0x8082450D, 0x67BD8082, 0x11078793, 0x0023953E, 0x80820005, 0x879367BD,
0x953E1107, 0x00054503, 0x40B55533, 0x80828905, 0xC4221141, 0x842AC606, 0xE16FF0EF, 0x879367BD,
0x97AA1107, 0x0007C783, 0x4087D7B3, 0xC39D8B85, 0x043347F1, 0x079302F4, 0x053308C0, 0x942A02F5,
0x0513653D, 0x942A1145, 0x01A41503, 0x442240B2, 0x80820141, 0x05136541, 0x0693DC85, 0x46410460,
0x00FF05B7, 0xE1EFF0EF, 0x22B00513, 0x1101B7C5, 0x03E1168B, 0x0A9389AA, 0xF0EF08C0, 0x44F1DB4F,
0x029984B3, 0x0413643D, 0x65BD1144, 0x46098A2A, 0x96458593, 0x1212BB37, 0x03550933, 0x05339926,
0xF0EF0124, 0x0513EF4F, 0x65BD0049, 0x85934659, 0x952290C5, 0xF3CFF0EF, 0x1212C537, 0xBC050513,
0xDF4FF0EF, 0x86AA6941, 0x05B74641, 0x051300FF, 0xF0EFDC49, 0x0513DB0F, 0xF0EF79CB, 0x86AADDAF,
0xF8090593, 0x0513461D, 0xF0EFDC49, 0x0513D98F, 0xF0EF300B, 0x86AADC2F, 0x05934601, 0x051307F0,
0xF0EFDC49, 0xF0EFD80F, 0x892AD28F, 0x40C030EF, 0x03590733, 0x879367BD, 0x97D21107, 0x470594BA,
0x013719B3, 0x0007C703, 0x1D239426, 0xE9B300A4, 0x802300E9, 0x068B0137, 0x610503E1, 0x11418082,
0xC606C226, 0xC42284AA, 0xCE6FF0EF, 0x879367BD, 0x97AA1107, 0x0007C783, 0x4097D7B3, 0xCBD98B85,
0x84B34471, 0x04130284, 0x65BD08C0, 0x85934609, 0x05339645, 0x84330285, 0x64BD00A4, 0x11448493,
0x00848533, 0xE42FF0EF, 0x00440513, 0x952665BD, 0x85934659, 0xF0EF90C5, 0x6441E88F, 0x05B74641,
0x051300FF, 0xF0EFDC44, 0x85AACB0F, 0x1212C537, 0xBC050513, 0xD36FF0EF, 0x0593461D, 0x0513F804,
0xF0EFDC44, 0xB4B7C94F, 0x85AA1212, 0x79C48513, 0xD1AFF0EF, 0x07F00593, 0xDC440513, 0xF0EF4601,
0x4422C78F, 0x85AA40B2, 0x30048513, 0x01414492, 0xCFAFF06F, 0x40B24422, 0x65414492, 0x04300693,
0x05B74641, 0x051300FF, 0x0141DC85, 0xC76FF06F, 0xC2261141, 0xC422C606, 0x8CDFF0EF, 0x3B8D84AA,
0x842ACD01, 0x8A3FF0EF, 0x00951863, 0x44228522, 0x449240B2, 0xBD250141, 0x442240B2, 0x01414492,
0x862E8082, 0x114165BD, 0x83458593, 0xF0EFC606, 0x4581DD0F, 0x30EF4505, 0x45811C70, 0x30EF4509,
0x40B21BF0, 0x306F0141, 0x653D0510, 0x051345BD, 0xBFC19745, 0xC6061141, 0x30EFC422, 0xB4372190,
0x30EF1212, 0x05131ED0, 0x458179C4, 0xC5EFF0EF, 0x30040513, 0xF0EF4581, 0xE537C54F, 0x45851212,
0x10850513, 0xC46FF0EF, 0x40B24422, 0x1212A537, 0x15714585, 0xF06F0141, 0x7179C34F, 0x01C10293,
0x0062968B, 0x842EC636, 0x89AA8932, 0x03F030EF, 0x654184AA, 0x05B74645, 0x0513000E, 0xF0EFDA45,
0x4601B78F, 0xF0EF45A1, 0x46B2A1AF, 0x41340733, 0x412687B3, 0x47E5973E, 0x00E7C963, 0x02934501,
0x868B01C1, 0x61450062, 0x07B38082, 0x97CA0134, 0x469197B6, 0x02D7C7B3, 0x0713673D, 0x953A96C7,
0x00054683, 0x07E28F95, 0xDBE987E1, 0x4363557D, 0x450500F0, 0x45D14631, 0xF0EF9526, 0x8FE39C6F,
0x30EFFAA4, 0x450579E0, 0x1141BF5D, 0x30EFC606, 0x40B208B0, 0x00153513, 0x80820141, 0xC4221141,
0x842AC606, 0xA82FF0EF, 0x03634785, 0x479102F5, 0x02F41263, 0x46296541, 0x40000593, 0xDB450513,
0xAD6FF0EF, 0x4529C511, 0x442240B2, 0x80820141, 0xBFDD4509, 0x46696541, 0x040005B7, 0xDAC50513,
0x1141B7C5, 0xC606C422, 0x03D030EF, 0xF0EF842A, 0xE811F36F, 0xB7B34789, 0x079900A7, 0x442240B2,
0x0141853E, 0x47098082, 0x19E34799, 0x0713FEE4, 0x15E30210, 0x479DFEE5, 0x1141B7D5, 0x842AC422,
0xC6064505, 0xF0EFC226, 0x84AACE8F, 0x3FC030EF, 0x852685AA, 0x400030EF, 0x02856163, 0x84AA85AA,
0x20EF8522, 0x85224C70, 0x20EF85A6, 0x45054F90, 0x442240B2, 0x01414492, 0x45018082, 0x1141BFD5,
0x46014581, 0xC6064501, 0x8D8FF0EF, 0x053347BD, 0x40B202F5, 0x879367BD, 0x45BD9847, 0x953E0141,
0x1141B509, 0xC6064511, 0xC27FF0EF, 0x40B23FC9, 0x01414505, 0xC4CFF06F, 0x05131141, 0xC6061F40,
0xE5093FAD, 0x40B24501, 0x80820141, 0x784030EF, 0x3FC1D975, 0xBFC54505, 0x05131141, 0xC6060640,
0xC9113FA9, 0xF0EF4511, 0x30EFCB9F, 0x450562C0, 0xC10FF0EF, 0x40B24505, 0x80820141, 0x11416541,
0x45854601, 0xDA850513, 0xF0EFC606, 0x47819ACF, 0xF0EFCD09, 0x0713E32F, 0x47850210, 0x00E50763,
0x724030EF, 0x37931571, 0x40B20015, 0x0141853E, 0x71798082, 0x01C10293, 0x0062968B, 0x89AA892E,
0xC2914599, 0xC5374591, 0x05131212, 0xC63A28C5, 0xF0EFC432, 0x46229F8F, 0x1212B537, 0x8C450513,
0xF0EF85B2, 0x64C19E8F, 0x46296591, 0xC0058593, 0xDA448513, 0x942FF0EF, 0x1212A437, 0x051385AA,
0xF0EF7B04, 0x460D9C8F, 0x07800593, 0xDA448513, 0x926FF0EF, 0x85AA84AA, 0x5A040513, 0x9AEFF0EF,
0x051385A6, 0xF0EF3904, 0x47329A4F, 0x1212E537, 0xDDC50513, 0xF0EF85BA, 0x9437994F, 0x05131212,
0x45811004, 0x986FF0EF, 0x051385CE, 0xF0EF1004, 0xF53797CF, 0x85CA1212, 0xD5C50513, 0x96EFF0EF,
0x06000513, 0x5EE030EF, 0x8A6FF0EF, 0x01C10293, 0x0062868B, 0xF06F6145, 0x1141814F, 0x30EFC606,
0x470560E0, 0x0C634781, 0xF0EF00E5, 0x4619884F, 0x3E800593, 0x808FF0EF, 0x00153793, 0x40B20785,
0x0141853E, 0x11418082, 0x84AAC226, 0x1214D537, 0xB5850513, 0xC606C422, 0xF0EF842E, 0xC51D8DAF,
0x28B58522, 0x26698522, 0x4501C119, 0x6541A819, 0xDC050513, 0x467D4685, 0x800005B7, 0x886FF0EF,
0x40B24505, 0x44924422, 0x80820141, 0x20A58522, 0x1CE34785, 0x8522FCF5, 0x6541202D, 0x467D4681,
0x800005B7, 0xDC050513, 0x85AFF0EF, 0x010107B7, 0x10178793, 0x06F4ADA3, 0x8FA34795, 0xC0DC0604,
0x673DB76D, 0x34470713, 0x95334785, 0x478300A7, 0x45130007, 0x8D7DFFF5, 0x00A70023, 0x673D8082,
0x34470713, 0x95334785, 0x478300A7, 0x8D5D0007, 0x00A70023, 0x67BD8082, 0x3447C783, 0x40A7D533,
0x80828905, 0x1141BF7D, 0x0021168B, 0xF0EF842A, 0x892AC38F, 0x24698522, 0x851364C1, 0x4681DC04,
0x05B7466D, 0xE0EF0800, 0x8513FDDF, 0x05B7DC04, 0x46810400, 0xE0EF4669, 0x7593FCDF, 0x85220FF9,
0x0021068B, 0xA4390141, 0xC6061141, 0xC226C422, 0x24B9842A, 0xBF2FF0EF, 0x654184AA, 0x040005B7,
0xDC050513, 0x46694681, 0xF9BFE0EF, 0x44228522, 0xF59340B2, 0x44920FF4, 0xAAE90141, 0xC4221141,
0x842EC606, 0x4685E50D, 0x05B7466D, 0x65410800, 0xDC050513, 0xF6FFE0EF, 0x17634785, 0x442202F4,
0x458540B2, 0x1210F537, 0xE06F0141, 0x4785FC1F, 0x00F51C63, 0x4B0030EF, 0x20EFE119, 0x46855F20,
0x05B74669, 0xB7E10400, 0x442240B2, 0x80820141, 0x46856541, 0x05B74669, 0x05130400, 0xE06FDC05,
0x1101F25F, 0x00C10293, 0x12110537, 0x0062968B, 0xDD850513, 0xF41FE0EF, 0x1214D4B7, 0x8513842A,
0xE0EFFF04, 0x85A2F33F, 0x851389AA, 0xE0EFFF04, 0xF0EFF5DF, 0x99AAB1AF, 0xE0EF942A, 0x892AE95F,
0xF0EF8522, 0x84AAFEEF, 0xF0EF854E, 0xE901FE6F, 0x854A4581, 0x849FF0EF, 0xF0EFE119, 0x854A8B5F,
0x07932285, 0x4709FFE4, 0x04F76B63, 0x0FF47593, 0x2A2D854A, 0x15634785, 0x854A02F5, 0x44012285,
0x1214D537, 0x05134585, 0xE0EF9485, 0x854AF01F, 0x02932295, 0x852200C1, 0x0062868B, 0x80826105,
0x05136541, 0x4685DC05, 0x05B74669, 0xE0EF0400, 0x8526E75F, 0x92BFF0EF, 0x29E030EF, 0x0793A891,
0x19630200, 0x47F902F4, 0x02F98A63, 0x46196541, 0x04000593, 0xDA850513, 0xE1FFE0EF, 0x854AE105,
0x079328F5, 0x1CE30210, 0x30EFF8F4, 0xF0EF2D60, 0xB771BD1F, 0x02100793, 0xFEF403E3, 0xFF140793,
0x69634705, 0x47BD00F7, 0xF6F41BE3, 0x9FFFF0EF, 0xB7BD4405, 0x906347F9, 0x079302F9, 0x1C630200,
0x654100F4, 0x46694681, 0x040005B7, 0xDC050513, 0xDF3FE0EF, 0x8526BFF1, 0x8A7FF0EF, 0x284030EF,
0x1141BFA5, 0xC606C422, 0xF0EF842A, 0x4789EB9F, 0x00F50563, 0x47A1E519, 0x40B2C05C, 0x01414422,
0x85228082, 0xC0482019, 0x67C1BFCD, 0xDD7C0785, 0x80824515, 0x879367BD, 0x953E3487, 0x95B34785,
0x478300B7, 0xC5930005, 0x8DFDFFF5, 0x00B50023, 0x67BD8082, 0x34878793, 0x4785953E, 0x00B795B3,
0x00054783, 0x00238DDD, 0x808200B5, 0x879367BD, 0x953E3487, 0x00054503, 0x40B55533, 0x80828905,
0x0713673D, 0x478534C7, 0x00A79533, 0x00074783, 0xFFF54513, 0x00238D7D, 0x808200A7, 0x0713673D,
0x478534C7, 0x00A79533, 0x00074783, 0x00238D5D, 0x808200A7, 0x0713673D, 0x47853457, 0x00A79533,
0x00074783, 0xFFF54513, 0x00238D7D, 0x808200A7, 0xC78367BD, 0xD5333457, 0x890540A7, 0x673D8082,
0x34570713, 0x95334785, 0x478300A7, 0x8D5D0007, 0x00A70023, 0x67BD8082, 0x87931141, 0xC6063487,
0x97AAC422, 0x842A4589, 0x00078023, 0x85223799, 0x3781458D, 0x45918522, 0x85223F2D, 0x85223795,
0x40B24422, 0xB7790141, 0xC6061141, 0x05A3C422, 0x842A0005, 0x46816541, 0x05B74661, 0x05130100,
0xE0EFD945, 0x30EFCA1F, 0x99751FE0, 0x47A1E919, 0x4422C05C, 0x458540B2, 0x1210F537, 0xE06F0141,
0x479DCEDF, 0x40B2C05C, 0x01414422, 0x11418082, 0x30EFC606, 0x40B21D20, 0x35139975, 0x051D0015,
0x80820141, 0xC4221141, 0x842AC606, 0xA71FF0EF, 0xC919C808, 0xA0FFF0EF, 0xC01C478D, 0x00042223,
0x442240B2, 0x80820141, 0x00042023, 0x1141BFD5, 0xC606C422, 0xF0EF842A, 0xC119A23F, 0xC01C405C,
0x442240B2, 0x80820141, 0xC4221141, 0x491CC606, 0xCF81842A, 0x9E5FF0EF, 0x478DC909, 0x4789C01C,
0x40B2C05C, 0x01414422, 0x05138082, 0x2ABD0144, 0x18E34785, 0x4791FEF5, 0xB7E5C01C, 0xC4221141,
0x450CC606, 0x0551842A, 0x481C22B1, 0xF0EFCB99, 0x478D995F, 0x4789C01C, 0x40B2C05C, 0x01414422,
0x47898082, 0xBFD5C01C, 0xC4221141, 0x842AC606, 0x548020EF, 0xCB99481C, 0x96BFF0EF, 0xC01C478D,
0xC05C4785, 0x442240B2, 0x80820141, 0xC01C4785, 0x1141BFD5, 0xC606C422, 0x4144C226, 0x8513842A,
0x30EF0344, 0xCD1D03F0, 0x479554A8, 0x45334601, 0x059302F5, 0xE0EF0FF0, 0x85AA9EBF, 0x12110537,
0x80450513, 0xBC7FE0EF, 0x20EF4511, 0x479155C0, 0x4422C01C, 0x449240B2, 0xF5374585, 0x01411210,
0xBABFE06F, 0x442240B2, 0x01414492, 0x11018082, 0xCE06CC22, 0x4148842A, 0xF0EF0521, 0xC515BEEF,
0x450545A9, 0x338030EF, 0x47854048, 0x0593C03E, 0x478106C5, 0x48214885, 0x46914701, 0x05134605,
0x30EF0345, 0x478D7460, 0x40F2C01C, 0x61054462, 0x11418082, 0xC606C226, 0x84AAC422, 0x11C030EF,
0x40C0E515, 0x467D6541, 0x800005B7, 0xDB450513, 0xAA7FE0EF, 0x4691872A, 0x03440613, 0x06C40593,
0x00840513, 0xB54FF0EF, 0xC09C4789, 0x442240B2, 0x01414492, 0x11418082, 0xC606C422, 0x30EF842A,
0xE5091A60, 0x0BC030EF, 0xC01C4785, 0x442240B2, 0x80820141, 0xCE061101, 0xC62AC14C, 0x170030EF,
0x20234532, 0x40F20005, 0x80826105, 0xC6061141, 0xC226C422, 0x478D4104, 0x0097FC63, 0xE0EF4505,
0x44019E1F, 0x40B28522, 0x44924422, 0x80820141, 0x0713673D, 0x97939A47, 0x97BA0024, 0x842A439C,
0x40149782, 0x44054791, 0xFCF68EE3, 0x8BE34401, 0x6541FC96, 0x05B74641, 0x0513000F, 0xE0EFDBC5,
0xB7C9A25F, 0xC6061141, 0x77D020EF, 0xE9019975, 0x458540B2, 0x1210F537, 0xE06F0141, 0x40B2A71F,
0x80820141, 0x47858082, 0x06F51F23, 0x35134548, 0x051D0015, 0x11418082, 0xC422C606, 0x842A451C,
0x00EF43C8, 0xD0280690, 0xFF4FF0EF, 0xC919C448, 0xF92FF0EF, 0xC01C4789, 0x00042223, 0x442240B2,
0x80820141, 0x00042023, 0x1141BFD5, 0xC226C422, 0x842AC606, 0x711020EF, 0xFFD57793, 0xE39984AA,
0xC399503C, 0xD2CFF0EF, 0x47915028, 0x20EFC01C, 0xC4913980, 0x94634789, 0x458502F4, 0x441CA811,
0xC7034585, 0x15630787, 0x8C2300B7, 0x45810607, 0x44225028, 0x449240B2, 0xF06F0141, 0x47859E3F,
0x00F49863, 0x40B24422, 0x01414492, 0xA25FF06F, 0x442240B2, 0x01414492, 0x11418082, 0xC606C422,
0xF0EF842A, 0xC119F36F, 0xC01C405C, 0x442240B2, 0x80820141, 0xC4221141, 0x455CC606, 0xCF81842A,
0xEF8FF0EF, 0x4789C909, 0x4785C01C, 0x40B2C05C, 0x01414422, 0x05138082, 0x00EF0104, 0x478572C0,
0xFEF517E3, 0x46656541, 0x020005B7, 0xDC050513, 0x8C7FE0EF, 0xE1114791, 0xC01C478D, 0x1141BFC9,
0xC226C422, 0x842AC606, 0x270020EF, 0x20EF5024, 0xE50D6370, 0x5030CC85, 0x0513440C, 0x00EF0104,
0x445C69C0, 0xF0EFCB9D, 0x4789E7CF, 0x4785C01C, 0x40B2C05C, 0x44924422, 0x80820141, 0xFFF50793,
0x75634705, 0x479100F7, 0xFCF517E3, 0x10EF4501, 0x47917630, 0xC01CD169, 0x4785BFE9, 0x1101BFED,
0x00C10293, 0x0062968B, 0x20EF89AA, 0x563170E0, 0x06400593, 0xE0EF842A, 0x7593EEAF, 0x05370FF5,
0x05131203, 0xE0EFBC05, 0x06138C5F, 0x0593FD80, 0x852207D0, 0xECCFE0EF, 0x0FF57593, 0x1202F537,
0x7A050513, 0x8A7FE0EF, 0xAF3FE0EF, 0xE0EF84AA, 0x478DBF9F, 0xC563842A, 0x47AD0697, 0xC7634581,
0x47A100A7, 0xC3634585, 0x458D0087, 0x12030937, 0xFF490513, 0x877FE0EF, 0x05134585, 0xE0EFC609,
0x478D86DF, 0x0487DA63, 0x09634799, 0x47A504F4, 0x04F40663, 0x45814401, 0x120304B7, 0xCE448513,
0x84BFE0EF, 0x851385A2, 0xE0EFE684, 0x47B9841F, 0x00F9A023, 0x00C10293, 0x0062868B, 0x80826105,
0xD0E34799, 0x47A1FA97, 0xBF714589, 0x44094791, 0xFCF492E3, 0xB7C94585, 0xBFED4401, 0xD7E34795,
0x4405FE97, 0x1101BFC5, 0x842ACC22, 0x46296541, 0x40000593, 0xDA850513, 0xE0EFCE06, 0xED05F5CF,
0xEB955C1C, 0xF0EF4808, 0x85AAC56F, 0x20EF4505, 0x478578F0, 0x4430C03E, 0x4408444C, 0x48A94781,
0x47014825, 0x30EF4689, 0x47B13A20, 0x40F2C01C, 0x61054462, 0x407C8082, 0xC07C17FD, 0x00F05463,
0xB7ED47A5, 0xB7DD47B5, 0xC4221141, 0xC226C606, 0x5D0465BD, 0x463D842A, 0x83458593, 0x02850513,
0x8BFFE0EF, 0x91634785, 0x504C02F4, 0x20EF4509, 0x20EF4AF0, 0x481C3450, 0x47B9EF91, 0x40B2C01C,
0x44924422, 0x80820141, 0x500CF4ED, 0x20EF4505, 0xBFE148F0, 0x595010EF, 0x47854814, 0xC43CC47C,
0x83634705, 0x470900F6, 0x47A5C078, 0x1141BFC1, 0x0021168B, 0x20EF842A, 0xC51142F0, 0x10EF4505,
0x47B95930, 0x403CED21, 0x29035C58, 0x5C630104, 0x4C1404F0, 0x06E6D263, 0x4D6397B6, 0xCC1C04F7,
0x46416541, 0x051365C1, 0xE0EFDA85, 0x4C04E6CF, 0x0F63E105, 0x45810009, 0xE0EF8526, 0x892A8F9F,
0x45854C08, 0x8EFFE0EF, 0x854A84AA, 0x9D7FE0EF, 0xE0EF8526, 0x20EF907F, 0x478D2A10, 0x068BC01C,
0x01410021, 0xCB898082, 0x57634C14, 0x97B600D7, 0xFAE7D7E3, 0xB76DCC18, 0xB7CD47A1, 0xC4221141,
0xC226C606, 0x4508842A, 0x2F8030EF, 0x441CCD15, 0x5BC8480C, 0x7E9010EF, 0x4C58441C, 0x53635BDC,
0x65BD02F7, 0x5C04CC5C, 0x8593463D, 0x05138345, 0xE0EF0284, 0x4785F7EF, 0x00F49D63, 0x20EF4509,
0xD0483CB0, 0xC01C479D, 0x442240B2, 0x01414492, 0xF8ED8082, 0x20EF4505, 0xD0083B30, 0x1141B7C5,
0xC606C422, 0x4148842A, 0xEA1FE0EF, 0x4795C119, 0x40B2C01C, 0x01414422, 0x49148082, 0x4795E681,
0x8082C11C, 0xC4221141, 0x842AC606, 0x45104958, 0x4148454C, 0xE45FE0EF, 0xC01C4791, 0x442240B2,
0x80820141, 0xC4221141, 0x842AC606, 0x3CD020EF, 0x478DE119, 0x40B2C01C, 0x01414422, 0x11418082,
0xC606C422, 0x20EF842A, 0xE90147F0, 0x3D9020EF, 0x20EFE509, 0x478938F0, 0x40B2C01C, 0x01414422,
0x11418082, 0x0021168B, 0x20EF842A, 0xF0EF1F70, 0x4804946F, 0x6541C49D, 0x46414905, 0x051365C1,
0x9A63DA85, 0xE0EF0124, 0x1D63D10F, 0x49390C95, 0x44814785, 0xE0EFA811, 0x0AE3D00F, 0x494DFF25,
0x4935BFC5, 0x4485478D, 0xCC04C03C, 0x279020EF, 0xEFC5481C, 0xE9559975, 0xE0EF4C08, 0xE0EFF9EF,
0xCC08FBCF, 0x961FE0EF, 0x4781470D, 0x00E50863, 0x02100713, 0x03634789, 0x47A900E5, 0xE0EF853E,
0x481C845F, 0x03242E23, 0xC3914519, 0xE0EF450D, 0x4509FE8F, 0x8BFFE0EF, 0x121514B7, 0x7BC48513,
0xE0EF4585, 0x8513D28F, 0x45856B44, 0xD1EFE0EF, 0x52848513, 0xE0EF4585, 0xB537D14F, 0x45811215,
0x83850513, 0xD06FE0EF, 0x1215C537, 0x05134581, 0xE0EF3945, 0x8513CF8F, 0x45815AC4, 0xCEEFE0EF,
0x1212C537, 0x03200593, 0xBC050513, 0xCDEFE0EF, 0x0A7020EF, 0x359020EF, 0xC01C4785, 0x0021068B,
0x80820141, 0x47894949, 0x6541B72D, 0x65C14641, 0xDA850513, 0xC22FE0EF, 0x19634785, 0x4C0800F5,
0xED8FE0EF, 0xEF6FE0EF, 0xBFA1CC08, 0xE0EF8526, 0xCC04FCEF, 0x1101B7B9, 0xCE06CC22, 0x842ACA26,
0x30EF4508, 0xC53D0DE0, 0x97034404, 0x97830284, 0x8F1D0264, 0x20EFC63A, 0x47321630, 0x9783E911,
0x96830304, 0x8F9502E4, 0x4789973E, 0x02F74733, 0x463946F1, 0x450955C9, 0x20D010EF, 0x10EF4509,
0x47B92B30, 0x441CE51D, 0x5C104814, 0x45035BCC, 0xE0EF0484, 0x443CB47F, 0x07854478, 0x4463C43C,
0x47AD00F7, 0x407CA039, 0xC07C17FD, 0x00F05963, 0xC01C47A5, 0x446240F2, 0x610544D2, 0x47B58082,
0x1101BFCD, 0xCE06CA26, 0x4500CC22, 0x852284AA, 0x050030EF, 0x1583C525, 0x16030224, 0xC62E0244,
0x40B606B3, 0xC236C432, 0x0D1020EF, 0x46224692, 0xE91145B2, 0x02C41783, 0x02A41703, 0x96BE8F99,
0xC6B34789, 0x071302F6, 0x45150C80, 0x179010EF, 0x10EF4509, 0x47B921F0, 0x4898E10D, 0x02C41683,
0x02A41603, 0x02441583, 0x02241503, 0xF6FFE0EF, 0x1A634785, 0xC4A800F5, 0xC09C47AD, 0x446240F2,
0x610544D2, 0x47B58082, 0x7179BFCD, 0x01410293, 0x01E2968B, 0x4908842A, 0xE0EF4481, 0x85AAFE3F,
0x20EF4505, 0x298331B0, 0x2A030084, 0x20EF00C4, 0xED0104B0, 0x46796541, 0x400005B7, 0xDA850513,
0xAB6FE0EF, 0x3493157D, 0x69410015, 0x05B74665, 0x05131E00, 0xE0EFDA89, 0x8AAAAA0F, 0x05B74659,
0x051301C0, 0xE0EFDA89, 0x7513A90F, 0xC02A0FF5, 0x0FFAF813, 0x86264781, 0x854E85D2, 0x47014885,
0x20EF4691, 0x47996E70, 0x0293C01C, 0x868B0141, 0x614501E2, 0x71798082, 0x02010293, 0x0022968B,
0x6541842A, 0x45894605, 0xDA850513, 0xA4AFE0EF, 0x47AD4485, 0x02950C63, 0xE0EF4808, 0x85AAF43F,
0x20EF4505, 0x444C27B0, 0x00842903, 0x20EFCE2E, 0x45F27AA0, 0x36134781, 0xC0260015, 0x48214885,
0x46814701, 0x20EF854A, 0x47A96830, 0x0293C01C, 0x868B0201, 0x61450022, 0x11418082, 0x0021168B,
0x842A57FD, 0x2C23CD5C, 0x65410005, 0x893284AE, 0x800005B7, 0x0513467D, 0xE0EFDA85, 0x87939DCF,
0xC45C06C4, 0x03448793, 0xC84804A1, 0xC044C41C, 0x01242823, 0x744020EF, 0x2023DC08, 0x068B0004,
0x01410021, 0x11418082, 0xC422C606, 0x4104C226, 0xF26347B5, 0x65410297, 0x46414685, 0x00FF05B7,
0xDC850513, 0x9BEFE0EF, 0x85224405, 0x442240B2, 0x01414492, 0x673D8082, 0x9C470713, 0x00249793,
0x439C97BA, 0x9782842A, 0x47B94014, 0x8EE34405, 0x4401FCF6, 0xFC968BE3, 0x46416541, 0x000F05B7,
0xDBC50513, 0x97EFE0EF, 0x1141B7C9, 0x6441C422, 0x4611C226, 0x059384AA, 0x05130300, 0xC606DA04,
0x936FE0EF, 0x1E634789, 0x051300F5, 0x4422DA04, 0x449240B2, 0x46296589, 0xC0058593, 0xE06F0141,
0x40B2918F, 0x85264422, 0x01414492, 0x47898082, 0x8082C55C, 0xC6061141, 0x698020EF, 0x20EFC509,
0x35336BA0, 0x40B200A0, 0x80820141, 0x08054783, 0x97634705, 0x04A300E7, 0xC55C00F5, 0x80824509,
0x8082451D, 0xC4221141, 0x415CC606, 0x842A4705, 0x0767D683, 0x02E69563, 0x06079B23, 0x892FE0EF,
0x66C010EF, 0x07C00693, 0x05934601, 0x002307C0, 0x05130204, 0xD0EF0084, 0x10EFF5BF, 0x20EF3B40,
0x405C22A0, 0x08A42023, 0x06078C23, 0x00042023, 0x442240B2, 0x80820141, 0xC6061141, 0xC226C422,
0x08852483, 0x20EF842A, 0x85AA2020, 0x20EF8526, 0x27832060, 0x6E6308C4, 0x84AA00F5, 0x08842583,
0x08442503, 0x1F0020EF, 0x10EF85A6, 0x47955160, 0x40B2C01C, 0x44924422, 0x80820141, 0xC4221141,
0x6541842A, 0x459D4601, 0xDB050513, 0xC226C606, 0x826FE0EF, 0x5C7CC90D, 0x84AAC79D, 0x1AC020EF,
0x242385AA, 0x250308A4, 0x14FD0844, 0x1A8020EF, 0x009514B3, 0x08942623, 0xC01C4791, 0x442240B2,
0x01414492, 0x47958082, 0x1141BFCD, 0x842AC422, 0xC6060521, 0x10EFC226, 0xE1392820, 0xFB3FD0EF,
0x654184AA, 0x05B74665, 0x05130200, 0xD0EFDC05, 0xE115FC9F, 0x10EF8526, 0xCD115680, 0x10EF8526,
0xE0EF5440, 0xE0EFC42F, 0xE0EF8EBF, 0x20EFA95F, 0x47854080, 0x40B2C01C, 0x44924422, 0x80820141,
0xC703405C, 0x47850787, 0x00F71463, 0xB7DD4795, 0x46656541, 0x020005B7, 0xDC050513, 0xF7BFD0EF,
0xD0EFC511, 0x10EFF4DF, 0xB7CD4E40, 0xB25FE0EF, 0xB7C9478D, 0xC6061141, 0x842AC422, 0x0EC020EF,
0x2223404C, 0x051308A4, 0x10EF0084, 0x47891800, 0x40B2C01C, 0x01414422, 0x11018082, 0x00C10293,
0x0062968B, 0x053784AA, 0x45851213, 0xBDC50513, 0xFBBFD0EF, 0x4B0020EF, 0xE6634789, 0x842A0CA7,
0xBA4FE0EF, 0x4981892A, 0x3993E019, 0x47890025, 0x16634501, 0x051300F4, 0x3513FE29, 0x47890025,
0x013569B3, 0x11634501, 0x079302F4, 0x1D630200, 0x654100F9, 0x05934619, 0x05130400, 0xD0EFDA85,
0x157DED9F, 0x00153513, 0x65334705, 0x47810135, 0x00E41563, 0x37931945, 0x8D5D0019, 0xED09478D,
0x46696541, 0x040005B7, 0xDC050513, 0xEABFD0EF, 0x0A634785, 0x479500F5, 0x0293C09C, 0x868B00C1,
0x61050062, 0xEC158082, 0xC78340DC, 0x99630747, 0x450D00A7, 0x57C010EF, 0x40DCFD79, 0x06078A23,
0x470540DC, 0x0757C683, 0x00E69F63, 0x06078AA3, 0xAF4FE0EF, 0xF9CFE0EF, 0x947FE0EF, 0x2BA020EF,
0x7FE3A019, 0x4785FC85, 0xC14CBF45, 0x2223C510, 0x20230006, 0x80820005, 0x02931101, 0x968B0101,
0x411C0022, 0xC791842A, 0x82634705, 0x450504E7, 0x4589A80D, 0x20EF4505, 0x40446660, 0xB0FFE0EF,
0xC03E4791, 0x4781862A, 0x03448513, 0x482D4881, 0x46914701, 0x06C48593, 0x271020EF, 0xC01C4785,
0x02934501, 0x868B0101, 0x61050022, 0x41448082, 0x03448913, 0x20EF854A, 0xD5652CB0, 0x10EF854A,
0x854A22C0, 0x38C010EF, 0x441CF15D, 0x06049683, 0x05E49603, 0x95834398, 0x95030584, 0xE0EF0564,
0xD551A1DF, 0x47954408, 0x19634118, 0x472100F7, 0x46114691, 0x10EF4591, 0xBF953D80, 0x46A14741,
0x45A14621, 0x1141BFCD, 0x842AC422, 0x46396541, 0x05136591, 0xC606DB05, 0xD7FFD0EF, 0x3513C519,
0x40B20034, 0x01414422, 0x45018082, 0x4518BFDD, 0x01370783, 0x00F05863, 0x09A317FD, 0x478D00F7,
0x8082C11C, 0xC4221141, 0x842AC606, 0xF0EF4708, 0x4785FB9F, 0x4789E111, 0x40B2C01C, 0x01414422,
0x11418082, 0x842AC422, 0x46116541, 0x051345C1, 0xC606DB05, 0xD23FD0EF, 0x3513C519, 0x40B20024,
0x01414422, 0x45018082, 0x4518BFDD, 0x01470783, 0x00F05863, 0x0A2317FD, 0x47A100F7, 0x8082C11C,
0xC4221141, 0x842AC606, 0xF0EF4708, 0x4791FB9F, 0x4795E111, 0x40B2C01C, 0x01414422, 0x11018082,
0x03E1168B, 0x4505842A, 0x2C0020EF, 0x450989AA, 0x2B8020EF, 0x464964C1, 0x01FC05B7, 0x8513892A,
0xD0EFDAC4, 0x05B7DADF, 0x8B2A0004, 0x8593462D, 0x85138005, 0xD0EFDAC4, 0x4619D99F, 0x7C000593,
0x85138A2A, 0xD0EFDAC4, 0x8AAAD89F, 0x05934605, 0x851303E0, 0xD0EFDAC4, 0x4463D79F, 0x5E63013B,
0xD0EF0359, 0x84AAF59F, 0x85EFE0EF, 0xEB91501C, 0xFFF48793, 0x04904363, 0x068B4501, 0x610503E1,
0x47058082, 0xFEE79AE3, 0x47ADF8E5, 0xFEA7C6E3, 0x00150793, 0xC808C45C, 0xDFE3A01D, 0x5DE3FD49,
0xD0EFFD25, 0x84AAF19F, 0x81EFE0EF, 0xEB91501C, 0xC3E347B5, 0x8793FC97, 0xC45C0014, 0x4505C804,
0x4705BF6D, 0xFAE79AE3, 0x97E347B9, 0x55E3FAF4, 0x0793FAA0, 0xBF7DFFF5, 0xC4221141, 0xC226C606,
0x4148842A, 0xE0EF0521, 0xCD01CE2F, 0x46656541, 0x020005B7, 0xDC050513, 0xBDFFD0EF, 0x47ADC901,
0x40B2C01C, 0x44924422, 0x80820141, 0x8483441C, 0xD0EF0117, 0x84E3F29F, 0x4408FEA4, 0x41184795,
0x00F71963, 0x46914711, 0x45A14611, 0x1E2010EF, 0x4721B7F9, 0x462146A1, 0xBFCD45C1, 0xC4221141,
0x6541842A, 0x65C14641, 0xDB050513, 0xD0EFC606, 0xE519B89F, 0xC01C47AD, 0x442240B2, 0x80820141,
0x87834414, 0x56630156, 0x17FD00F0, 0x00F68AA3, 0x4048B7D5, 0x47054294, 0x03450613, 0x06C50593,
0xE0EF0521, 0x47A5C16F, 0x1141B7F9, 0x0021168B, 0x842A4144, 0x03448913, 0x20EF854A, 0xC5190270,
0x10EF854A, 0xC5190EE0, 0xC01C47AD, 0x0021068B, 0x80820141, 0x01C40783, 0x54BCE78D, 0x00F41A23,
0x0E234785, 0x501C00F4, 0x4448E791, 0xDCDFD0EF, 0xBFE14799, 0x9DE34705, 0x4448FEE7, 0xE87FD0EF,
0x405CBFC5, 0x15034404, 0x96030144, 0x44D40687, 0x40A607B3, 0x12069763, 0x00C41B23, 0x0EF05463,
0x158344D4, 0x00EF0164, 0xA6236750, 0x10EF0004, 0x501C18B0, 0xE7AD84AA, 0x1202F537, 0x7A050513,
0xB15FD0EF, 0x445C4818, 0x85610562, 0x02F75063, 0x02A4C263, 0x47954408, 0x1E634118, 0x471102F7,
0x46214691, 0x10EF4591, 0xBFB90C80, 0xFEE7D4E3, 0xFE9552E3, 0xFD800613, 0x07D00593, 0xD0EF8526,
0x1593923F, 0xF5370105, 0x81C11202, 0x7A050513, 0xAFBFD0EF, 0x4721B7C1, 0x464146A1, 0xB7E145A1,
0x93E34705, 0x0537F2E7, 0x05131203, 0xD0EFBC05, 0x4818AA7F, 0x0562445C, 0x5D638561, 0x4F6300F7,
0x44080095, 0x41184795, 0x02F71A63, 0x46A14711, 0xBF494611, 0xFEE7D7E3, 0xFEA4D5E3, 0x05935631,
0x85260640, 0x8BDFD0EF, 0x01051593, 0x12030537, 0x051381C1, 0xD0EFBC05, 0xB7E1A95F, 0x46C14721,
0xBF694621, 0xE2A144D4, 0xFD900713, 0x02E7CD63, 0xC4DC4785, 0x765010EF, 0xEA0518E3, 0x10EF4505,
0x0EA37CB0, 0x450900A4, 0x7C1010EF, 0x00A40F23, 0x4705BD61, 0xE8E79CE3, 0xD0EF4808, 0x4789D49F,
0x4FE3B569, 0x1583ECF0, 0x00EF0164, 0x44D857F0, 0x11634785, 0xA62302F7, 0x10EF0004, 0xE91971F0,
0x01D40583, 0x10EF4505, 0x05837570, 0x450901E4, 0x74D010EF, 0xFFD5501C, 0xD0EF4808, 0x4795C3FF,
0x1101B5A9, 0x4589CC22, 0x4505842A, 0xCA26CE06, 0x1AC020EF, 0xE0EF4044, 0x4791E54F, 0x862AC03E,
0x85934781, 0x851306C4, 0x48810344, 0x4701482D, 0x20EF4691, 0x479D5B60, 0x40F2C01C, 0x44D24462,
0x80826105, 0x11416541, 0x45A1460D, 0xDB050513, 0xD0EFC606, 0x4781925F, 0x0537C909, 0x05131203,
0xD0EFCE45, 0x37B3973F, 0x40B200A0, 0x0141853E, 0x11018082, 0x00810293, 0x00E2968B, 0x10EF842A,
0x06137BA0, 0x0593FD80, 0xD0EF07D0, 0xFA37F96F, 0x892A1202, 0x7A0A0513, 0x93DFD0EF, 0xD0EF89AA,
0x84AABBDF, 0x12030537, 0xE6850513, 0x929FD0EF, 0x879367BD, 0x953EA107, 0x00050683, 0x179309E2,
0xD9930109, 0x20234189, 0x87C10204, 0x00D98533, 0x06A7CF63, 0xFD800613, 0x07D00593, 0xF44FD0EF,
0x01051593, 0x051381C1, 0xD0EF7A0A, 0x0783921F, 0x56630194, 0x17FD00F0, 0x00F40CA3, 0x47B5A825,
0x0097D863, 0x01844783, 0x0C230785, 0xA01D00F4, 0x4788441C, 0xB2FFF0EF, 0x441CC50D, 0xE395479C,
0xF0EF8522, 0xCD11B7DF, 0x445C4818, 0x00148513, 0x00F74B63, 0x02934501, 0x868B0081, 0x610500E2,
0x85138082, 0xD0EF0014, 0x4505AF3F, 0x97B6B7ED, 0xFEF9C2E3, 0xFD800613, 0x07D00593, 0x40D98533,
0xEC0FD0EF, 0x01051593, 0x051381C1, 0xD0EF7A0A, 0x078389DF, 0x54630184, 0x17FD00F0, 0x4663B779,
0x47830090, 0x07850194, 0x441CBF85, 0xF0EF4788, 0xCD01AB5F, 0x479C441C, 0x8522EB89, 0xB03FF0EF,
0x4818C509, 0xD7E3445C, 0x8513F8E7, 0xBF61FFF4, 0xC4221141, 0x842AC606, 0xE8DFF0EF, 0x8522C115,
0xEB3FF0EF, 0x4408CD11, 0x46A14721, 0x45A14641, 0x5DF000EF, 0xC01C47AD, 0x442240B2, 0x80820141,
0xBFD547A1, 0xC4221141, 0x4785C606, 0x451CD11C, 0x00050E23, 0x479C842A, 0xF0EFE789, 0x4799AA5F,
0x4789E111, 0x40B2C01C, 0x01414422, 0x11418082, 0xC606C422, 0x0E23451C, 0x20230005, 0x479C0205,
0xE789842A, 0xA7BFF0EF, 0xE1114799, 0xC01C4795, 0x442240B2, 0x80820141, 0x02931101, 0x968B0081,
0x842A00E2, 0x5F4010EF, 0x05935631, 0xD0EF0640, 0x0937DD2F, 0x89AA1203, 0xBC090513, 0xF78FD0EF,
0x01851A13, 0xB03FD0EF, 0x051384AA, 0xD0EFFF49, 0x67BDF66F, 0xA1478793, 0x0783953E, 0x5A130005,
0x4705418A, 0x8533D018, 0xCD630147, 0x563106A9, 0x06400593, 0xD8CFD0EF, 0x01051593, 0x051381C1,
0xD0EFBC09, 0x0783F68F, 0x566301A4, 0x17FD00F0, 0x00F40D23, 0x4863A81D, 0x47830090, 0x078501B4,
0x00F40DA3, 0x441CA01D, 0xF0EF4788, 0xC50D91DF, 0x479C441C, 0x8522E395, 0x9C7FF0EF, 0x4818CD11,
0x8513445C, 0xCB63FFF4, 0x450100E7, 0x00810293, 0x00E2868B, 0x80826105, 0xFFF48513, 0xA07FD0EF,
0xB7ED4505, 0x42E399BE, 0x0533FF3A, 0x563140FA, 0x06400593, 0xD0CFD0EF, 0x01051593, 0x051381C1,
0xD0EFBC09, 0x0783EE8F, 0x546301B4, 0x17FD00F0, 0x47ADBF41, 0x0097D663, 0x01A44783, 0xBF8D0785,
0x4788441C, 0x8A3FF0EF, 0x441CCD01, 0xEB89479C, 0xF0EF8522, 0xC50994DF, 0x445C4818, 0xF8F757E3,
0x00148513, 0x1141BF61, 0xC606C422, 0x842A415C, 0x0727C703, 0x09634785, 0x405C02F7, 0x463D6541,
0x06078923, 0x051365A1, 0xD0EFDB05, 0xC501DECF, 0xF0EF8522, 0xF0EFEA7F, 0xC501CAFF, 0xF0EF8522,
0x47ADCD5F, 0xA021C01C, 0x488010EF, 0x40B2F579, 0x01414422, 0x11418082, 0x842AC422, 0x463D6541,
0x051365A1, 0xC606DB05, 0xDAEFD0EF, 0x8522C115, 0xE69FF0EF, 0x4408CD11, 0x46C14721, 0x45A14621,
0x3CF000EF, 0xC01C47AD, 0x442240B2, 0x80820141, 0xBFD5478D, 0xC510C14C, 0x479D4218, 0x04F70263,
0xC799465C, 0x0E234789, 0x479900F5, 0xA03DC11C, 0xC6061141, 0xC226C422, 0x84B2842A, 0x8BFFD0EF,
0x00A488A3, 0x837FD0EF, 0x00A48923, 0x0004A223, 0x00042023, 0x40B24422, 0x01414492, 0x13B0006F,
0xB7E947A9, 0xC6061141, 0xC226C422, 0x47A94104, 0x0297F263, 0x46896541, 0x05B74641, 0x051300FF,
0xD0EFDC85, 0x4405D40F, 0x40B28522, 0x44924422, 0x80820141, 0x0713673D, 0x9793A187, 0x97BA0024,
0x842A439C, 0x40149782, 0x440547AD, 0xFCF68EE3, 0x8BE34401, 0x6541FC96, 0x65BD4631, 0xDBC50513,
0xD02FD0EF, 0x1141B7D1, 0x0021168B, 0x842A4144, 0x06C48513, 0x6C3010EF, 0x9703C11D, 0x978306E4,
0x652106C4, 0x8F1D0511, 0x463946F1, 0x00EF55C9, 0x45112F70, 0x39D000EF, 0x4799C519, 0x068BC01C,
0x01410021, 0x07838082, 0x968300D4, 0x871306C4, 0x070A0047, 0x12239722, 0x968300D7, 0x971306E4,
0x07850027, 0x07E29722, 0x00D71B23, 0x06A387E1, 0x470D00F4, 0x08F75A63, 0x01841783, 0x02041903,
0x01A41703, 0x09334591, 0x178340F9, 0x05130224, 0x44A10144, 0x993E8F99, 0x01441703, 0x01C41783,
0x993E8F99, 0x01641703, 0x01E41783, 0x993E8F99, 0x0B5000EF, 0x10EF4509, 0x44182130, 0x44B34799,
0x43140299, 0x02F69763, 0x02904E63, 0x009034B3, 0x409004B3, 0x0633470C, 0x45090095, 0xB5BFD0EF,
0x17FD481C, 0x5AE3C81C, 0x06A3F4F0, 0x478D0004, 0x8793B7B1, 0x46890014, 0xFCF6FEE3, 0x44B344C1,
0xBFC90299, 0xB7F94485, 0xBF15C018, 0xC4221141, 0x6541842A, 0x05934629, 0x05134000, 0xC226DB05,
0x4485C606, 0xBB2FD0EF, 0x00951963, 0xC01C4799, 0x442240B2, 0x01414492, 0x10EF8082, 0xF57D11F0,
0x06A3441C, 0x47D80004, 0x4789C709, 0x478DC81C, 0x43D8BFF9, 0x4398C711, 0x19E34795, 0xB7F5FEF7,
0xB7F5C804, 0x02931101, 0x968B0101, 0x41440022, 0x8593842A, 0x852E0344, 0x20EFC62E, 0x45B20460,
0x0503CD1D, 0x490900C4, 0x97832541, 0x970305A4, 0x968305C4, 0x65210624, 0x97838F1D, 0x05110644,
0x8F954639, 0x4733973E, 0x46F10327, 0x00EF55C9, 0x45111770, 0x21D000EF, 0x4799C909, 0x0293C01C,
0x868B0101, 0x61050022, 0x441C8082, 0x450354AC, 0x439400C4, 0xD0EF4790, 0x481CAA3F, 0xC81C17FD,
0x00F05563, 0x00042023, 0x2023BFD9, 0xBFC10124, 0xC4221141, 0x842A4589, 0xC6064505, 0x321010EF,
0x00D40583, 0x0586450D, 0x2B3010EF, 0x4048441C, 0x43944715, 0x06C50513, 0x87634805, 0xA80300E6,
0x381300C7, 0x08050018, 0x472547A9, 0x46014681, 0x10EF458D, 0x47913130, 0x40B2C01C, 0x01414422,
0x11018082, 0x842ACC22, 0x46256541, 0x20000593, 0xDB050513, 0xD0EFCE06, 0x4785A80F, 0x00F51863,
0xC01C4789, 0x446240F2, 0x80826105, 0x7EC010EF, 0x4589F965, 0x10EF4505, 0x44182A70, 0x4695404C,
0x85134310, 0x47850345, 0x06C58593, 0x00D60663, 0xB793475C, 0x07850017, 0x48A9C03E, 0x48254781,
0x46894701, 0x10EF4605, 0x47856A30, 0x4785BF5D, 0x00F50623, 0xC510C14C, 0x47954218, 0x06634654,
0x425C00F7, 0x4785E399, 0x4789CA99, 0x4254EA89, 0xC6914785, 0x47A94695, 0x00D71363, 0xC91C4795,
0x00052023, 0x11418082, 0xC422C606, 0x4104C226, 0xF2634795, 0x65410297, 0x46414689, 0x00FF05B7,
0xDC850513, 0x9FEFD0EF, 0x85224405, 0x442240B2, 0x01414492, 0x673D8082, 0xA4470713, 0x00249793,
0x439C97BA, 0x9782842A, 0x47994014, 0x8EE34405, 0x4401FCF6, 0xFC968BE3, 0x46316541, 0x051365BD,
0xD0EFDBC5, 0xB7D19C0F, 0xC4221141, 0x842AC606, 0x0F9010EF, 0x07634785, 0xC11900F5, 0x06042A23,
0xC01C47B9, 0x442240B2, 0x80820141, 0xC4221141, 0xC226C606, 0x842A4144, 0x03448493, 0x10EF8526,
0xC1056430, 0x85262559, 0x4418297D, 0x0F634799, 0x2A2300F7, 0x587C0604, 0x10EFCB8D, 0x47B50970,
0x40B2C01C, 0x44924422, 0x80820141, 0x01D40703, 0x01C40783, 0x070397BA, 0x97BA01B4, 0x01E40703,
0xB79397BA, 0xD87C0017, 0x47B9B7F9, 0x1101BFD1, 0x4589CC22, 0x4505842A, 0xCA26CE06, 0x141010EF,
0xD0EF4044, 0x4785DE9F, 0x862AC03E, 0x85934781, 0x851306C4, 0x48810344, 0x4701482D, 0x10EF468D,
0x47B154B0, 0x40F2C01C, 0x44D24462, 0x80826105, 0xC4221141, 0x0513842A, 0xC6060505, 0xB89FF0EF,
0x6541CD19, 0x05B74665, 0x05130200, 0xD0EFDC05, 0x47B98A8F, 0x485CE501, 0x4795C799, 0x40B2C01C,
0x01414422, 0x445C8082, 0x97634705, 0x481800E7, 0xFEE7F5E3, 0x00042623, 0xB7CD47AD, 0x01854703,
0xE5634791, 0x47B900E7, 0x8082C11C, 0xC4221141, 0x414CC606, 0x0613842A, 0x05130085, 0xF0EF0505,
0x47A9AD7F, 0x40B2C01C, 0x01414422, 0x11418082, 0x842AC422, 0x04450513, 0xF0EFC606, 0xC10D9FEF,
0x46656541, 0x020005B7, 0xDC050513, 0x82AFD0EF, 0xE51147B9, 0x47854458, 0x00F71863, 0xC01C4795,
0x442240B2, 0x80820141, 0xBFD547A5, 0xC4221141, 0x6541842A, 0x05934621, 0x05131000, 0xC606DB05,
0xFF7FC0EF, 0x0783E50D, 0x4F6301E4, 0x404C00F0, 0x00840613, 0x04440513, 0x992FF0EF, 0xC01C47A1,
0x442240B2, 0x80820141, 0x0F2317FD, 0x47A500F4, 0x1141B7FD, 0x842AC422, 0x02050513, 0xF0EFC606,
0xC10DDC9F, 0x26236541, 0x46650004, 0x020005B7, 0xDC050513, 0xFA3FC0EF, 0xE50147B9, 0xC799485C,
0xC01C47A5, 0x442240B2, 0x80820141, 0xBFD5479D, 0xC4221141, 0x414CC606, 0x0613842A, 0x05130085,
0xF0EF0205, 0x4799D4DF, 0x40B2C01C, 0x01414422, 0x11418082, 0xC606C422, 0x842AC226, 0xE9FFD0EF,
0x08634785, 0xE50100F5, 0x25994515, 0x47B9C901, 0x40B2C01C, 0x44924422, 0x80820141, 0xF78FD0EF,
0xAF1FD0EF, 0x10EF5C24, 0x85AA0C20, 0x10EF8526, 0x21390C60, 0xBFE94795, 0xCC221101, 0x0513842A,
0xCE060505, 0x9E1FF0EF, 0x4408C105, 0xC11FD0EF, 0xD0EFC62A, 0x45B2C51F, 0x4685872A, 0x451D4601,
0xD73FD0EF, 0xC01C4791, 0x446240F2, 0x80826105, 0x02931101, 0x968B00C1, 0x415C0062, 0xC703842A,
0x47850727, 0x02F70763, 0x6941405C, 0x89234645, 0x05B70607, 0x05130002, 0xC0EFDB09, 0xE11DEBDF,
0x0613404C, 0x05130084, 0xF0EF0504, 0x478D92BF, 0x00EFA095, 0xF96955F0, 0x00C10293, 0x0062868B,
0x80826105, 0xB20FD0EF, 0xFC8FD0EF, 0x845FD0EF, 0x00EF84AA, 0x89AA5470, 0x05934615, 0x05130600,
0xC0EFDB09, 0x87B3E75F, 0xD7134134, 0x8FB941F7, 0x470D8F99, 0x00A77363, 0x673D450D, 0xA9070713,
0x4703953A, 0xEDE30005, 0x405CF8E7, 0x8C234705, 0x47B906E7, 0xB74DC01C, 0xC4221141, 0x842AC606,
0x498010EF, 0x03634785, 0x47B902F5, 0x6541ED19, 0x05B74649, 0x05130004, 0xC0EFDB05, 0xC919E1DF,
0x479D4418, 0x00F71863, 0xC01C4789, 0x442240B2, 0x80820141, 0xBFD54795, 0xC4221141, 0xC606C226,
0x4485842A, 0x520010EF, 0x00950563, 0x47B9C901, 0x40B2C01C, 0x44924422, 0x80820141, 0x468010EF,
0x10EFF57D, 0xC00441E0, 0x1101B7ED, 0xCC22CE06, 0x842AC62E, 0x4D8010EF, 0xC04C45B2, 0x33C010EF,
0xC808405C, 0x00042A23, 0x00042623, 0x0737C683, 0x90634705, 0x89A302E6, 0x479D0607, 0x2A23C41C,
0x20230604, 0x45030004, 0x44620184, 0x610540F2, 0x4783A2C9, 0x07130184, 0x68630310, 0x471500F7,
0x0785C418, 0x00F40C23, 0x4719BFD9, 0x0713C418, 0x86E30FF0, 0xB7F5FCE7, 0xC4221141, 0xC226C606,
0x47B54104, 0xF663842A, 0x45050097, 0xCF3FC0EF, 0x67BD4481, 0x00249713, 0xA5878793, 0x439C97BA,
0x97828522, 0x8A634014, 0x65410096, 0x05B74641, 0x0513000F, 0xC0EFDBC5, 0x4008D4DF, 0x442240B2,
0x44921549, 0x00153513, 0x80820141, 0xC6061141, 0xC0EFC422, 0x842AB6FF, 0xCD7FC0EF, 0x05000793,
0x02F50533, 0x952240B2, 0x01414422, 0x11418082, 0xF0EFC606, 0x40B2FDBF, 0x05000693, 0x05934601,
0x01410500, 0xB8DFC06F, 0xCC221101, 0xCE06C62E, 0xF0EF842A, 0x4785FBBF, 0x126345B2, 0x978302F4,
0x15A30265, 0x978300F5, 0x16A30285, 0x978300F5, 0x17A302E5, 0x978300F5, 0x18A30305, 0x40F200F5,
0x61054462, 0x11418082, 0xC606C422, 0xF0EF842A, 0x5783F7FF, 0x02A30224, 0x578300F5, 0x03230244,
0x178300F5, 0x14A30264, 0x178300F5, 0x13A30284, 0x40B200F5, 0x01414422, 0x11018082, 0xC62ECC22,
0xC236842A, 0xC432CE06, 0xF45FF0EF, 0x469245B2, 0x00851FA3, 0x02B510A3, 0x4622C681, 0x02C511A3,
0x446240F2, 0x80826105, 0xCC221101, 0x842AC62E, 0xCE06C236, 0xF0EFC432, 0x45B2F17F, 0x12A34692,
0x13A30285, 0xC68102B5, 0x14A34622, 0x40F202C5, 0x61054462, 0x11418082, 0xC422C606, 0xEF1FF0EF,
0xC0EF842A, 0x00A3ED9F, 0xC0EF00A4, 0x0123F51F, 0xC0EF00A4, 0x01A3FD5F, 0xC53700A4, 0x05131212,
0xC0EFBC05, 0x0223C33F, 0x40B200A4, 0x01414422, 0x11418082, 0xC606C422, 0xF0EF842A, 0x0023EB3F,
0x40B20085, 0x01414422, 0x11418082, 0xC606C422, 0xF0EF842A, 0x1783E9BF, 0x17030244, 0x46890224,
0x4733973E, 0x05A302D7, 0x178302E5, 0x170302A4, 0x97BA02C4, 0x02D7C7B3, 0x02F50623, 0x442240B2,
0x80820141, 0xCC221101, 0x842AC62E, 0xF0EFCE06, 0x45B2E5FF, 0x051387A2, 0x058A0355, 0x966395A2,
0x40F200B7, 0x61054462, 0x97038082, 0x05110007, 0x1E230791, 0x9703FEE5, 0x1F23FFE7, 0xB7C5FEE5,
0xCC221101, 0x842ACE06, 0xF0EFC62E, 0x45B2E23F, 0x028526A3, 0x02B528A3, 0x446240F2, 0x80826105,
0xC6061141, 0xC226C422, 0xF0EF84AA, 0x842AE03F, 0x1212C537, 0xBC050513, 0xB5DFC0EF, 0x00A40BA3,
0xE5BFC0EF, 0x00A40C23, 0x10EF4505, 0x0CA30DE0, 0x450900A4, 0x0D4010EF, 0x00A40D23, 0x009429A3,
0x442240B2, 0x01414492, 0x11418082, 0xC422C606, 0xDBDFF0EF, 0xC537842A, 0x05131212, 0xC0EFBC05,
0x0DA3B17F, 0xC0EF00A4, 0x0E23E15F, 0x450500A4, 0x098010EF, 0x00A40EA3, 0x10EF4509, 0x0F2308E0,
0x40B200A4, 0x01414422, 0x673D8082, 0x34D70713, 0x95334785, 0x478300A7, 0x8D5D0007, 0x00A70023,
0x673D8082, 0x34D70713, 0x95334785, 0x478300A7, 0x45130007, 0x8D7DFFF5, 0x00A70023, 0x67BD8082,
0x34D7C783, 0x40A7D533, 0x80828905, 0xFD7FF06F, 0xCC221101, 0x1603CE06, 0x15830245, 0x17830225,
0x17030265, 0x06B30285, 0xC42E40B6, 0xC63A8F1D, 0xC036C232, 0xD0EF842A, 0x4785F14F, 0x46124682,
0x473245A2, 0x02F51E63, 0x02E41503, 0x03041783, 0x02241803, 0x15038F89, 0x973E0244, 0x08B34789,
0x96C64105, 0x02F74733, 0x02F6C6B3, 0x02A41783, 0x00F85363, 0x178385BE, 0xD36302C4, 0x863E00A7,
0x200D451D, 0x40F24462, 0x61054511, 0x4785A0D1, 0x00B50AA3, 0x00C50A23, 0x00D509A3, 0x00E50B23,
0x8082C15C, 0xCC221101, 0x842ACE06, 0xC432C62E, 0xC03AC236, 0x97BFC0EF, 0x053347A9, 0x45B202F5,
0x46924622, 0x67BD4702, 0x35078793, 0x1023953E, 0x112300B5, 0x122300C5, 0x132300D5, 0x142300E5,
0x40F20085, 0x61054462, 0x11418082, 0x842AC422, 0x467D6541, 0x800005B7, 0xDA450513, 0xC0EFC606,
0xED19959F, 0x04334519, 0x653D02A4, 0x37850513, 0x000B07B7, 0x952207A1, 0x47BDC11C, 0x00F51223,
0x442240B2, 0x80820141, 0x5810006F, 0xC4221141, 0x1211B437, 0x52840513, 0xC6064581, 0x9AFFC0EF,
0x5AC40513, 0x40B24422, 0x01414581, 0x99FFC06F, 0x02937179, 0x968B0181, 0x842A00E2, 0x1203A537,
0x6B450513, 0x951FC0EF, 0x07634785, 0xC0EF26F5, 0x89AA8C1F, 0x671000EF, 0xC5114781, 0x47854709,
0x00E50363, 0x47154789, 0x22876A63, 0x0433470D, 0x943E02E4, 0x879367BD, 0x0406A947, 0x5483943E,
0xF7930004, 0x8C630404, 0x95372007, 0x05131211, 0xC0EFEF45, 0x3433903F, 0x86AA00A0, 0x46616541,
0x010005B7, 0xDC050513, 0xC0EF041A, 0xF7938B9F, 0xC7850204, 0x12119537, 0xC0EF1571, 0x37938DBF,
0x36930015, 0x65410015, 0x465D0796, 0x008005B7, 0xDC050513, 0xC0EF8C5D, 0xF79388DF, 0xC7850044,
0x12118537, 0x42050513, 0x8ADFC0EF, 0x00A037B3, 0x654186AA, 0x4651078A, 0x001005B7, 0xDC050513,
0xC0EF8C5D, 0xF793861F, 0xCF850024, 0x1211B937, 0x52890513, 0x881FC0EF, 0x00A037B3, 0x86AA0786,
0xC9018C5D, 0x4581C62A, 0x52890513, 0x89FFC0EF, 0x654146B2, 0x05B7464D, 0x05130008, 0xC0EFDC05,
0xF793825F, 0xCB9D0014, 0x1211B937, 0x5AC90513, 0x845FC0EF, 0x00A037B3, 0x8C5D86AA, 0xC62AC901,
0x05134581, 0xC0EF5AC9, 0x46B2865F, 0x46496541, 0x000405B7, 0xDC050513, 0xFEAFC0EF, 0x0084F793,
0xCB8D4901, 0x12127A37, 0x318A0513, 0x809FC0EF, 0xC90986AA, 0x4581C62A, 0x318A0513, 0x82FFC0EF,
0x492146B2, 0x46556541, 0x002005B7, 0xDC050513, 0xFB2FC0EF, 0x693388C1, 0x44010124, 0x4729C4C5,
0x02E987B3, 0x0713673D, 0x973E3507, 0x00875583, 0x0015F793, 0x4699CF99, 0x02D98633, 0x869366BD,
0x14033786, 0x96B20047, 0x00069503, 0x00A42433, 0xF7930412, 0xC3850025, 0x86B34619, 0x663D02C9,
0x37860613, 0x17839636, 0x16830026, 0xA6B30067, 0x069200F6, 0xF7938C55, 0xCF950045, 0x89B34799,
0x66BD02F9, 0x37868693, 0x168399B6, 0x96030007, 0xD7930049, 0x8EBD41F6, 0x47C18E9D, 0x00D64C63,
0x00271703, 0x41F75693, 0x00E6C7B3, 0x27B38F95, 0x079200F6, 0x97938C5D, 0x87C10105, 0x0407D363,
0xE0314685, 0x466164C1, 0x7F0005B7, 0xDA448513, 0xEC6FC0EF, 0x00896433, 0x34338C69, 0x86A20080,
0x05B74665, 0x85130200, 0xC0EFDC04, 0x0293ED8F, 0x85220181, 0x00E2868B, 0x80826145, 0x44014481,
0x36B3B539, 0x65410080, 0x05B74659, 0x05130040, 0xC0EFDC05, 0xB77DEB0F, 0xBFD14401, 0xC6061141,
0xC0EFC422, 0x842ACE6F, 0xE46FC0EF, 0x05000793, 0x02F50533, 0x952240B2, 0x01414422, 0x11418082,
0xF0EFC606, 0x40B2FDBF, 0x05000693, 0x05934601, 0x01410500, 0xCFCFC06F, 0xC6061141, 0xFC1FF0EF,
0x1A2357FD, 0x23230005, 0x27230205, 0x21230205, 0x252302F5, 0x40B202F5, 0x80820141, 0xCC221101,
0xCE06C62E, 0xF0EF842A, 0x45B2F97F, 0x01455783, 0x4711E18D, 0x00F76863, 0x01878713, 0x972A0706,
0x00871123, 0x1A230785, 0x40F200F5, 0x61054462, 0x47258082, 0xFEF768E3, 0x01878713, 0x972A0706,
0x00871623, 0x1141B7C5, 0x0021168B, 0xF0EF84AA, 0x842AF4FF, 0xC0EF4501, 0x892A839F, 0x74C000EF,
0x854A85AA, 0x750000EF, 0x2B23E499, 0x068B00A4, 0x01410021, 0x47858082, 0x00F49563, 0x00A42D23,
0x2F23B7FD, 0xB7E500A4, 0xCC221101, 0xCE06C62E, 0xF0EF842A, 0x0793F0BF, 0x45B21F40, 0x00F40C63,
0x02652783, 0x00B7F463, 0x02B52323, 0x446240F2, 0x80826105, 0x02E52783, 0xFEB7FAE3, 0x02B52723,
0x1101B7F5, 0xC62ECC22, 0x842ACE06, 0xED1FF0EF, 0x1F400793, 0x0C6345B2, 0x278300F4, 0xF4630225,
0x212300F5, 0x40F202B5, 0x61054462, 0x27838082, 0xFAE302A5, 0x2523FEF5, 0xB7F502B5, 0xCC221101,
0x842ACE06, 0xF0EFC62E, 0x5783E97F, 0x47450125, 0x00F76B63, 0x46D145B2, 0x00F50733, 0x02D585B3,
0x002395A2, 0x078500B7, 0x73634745, 0x478100F7, 0x00F51923, 0x446240F2, 0x80826105, 0x10011537,
0x05134581, 0xC06F6245, 0x7179D64F, 0x01410293, 0x01E2968B, 0xC0EF4501, 0x0793EB8F, 0xC51C3E90,
0x269DC62A, 0x04374532, 0xD4B71001, 0x20231200, 0xC0EF0005, 0x89AAC7CF, 0x0D9000EF, 0x8A2A4581,
0x9CC40513, 0xD26FC0EF, 0x94840513, 0xC0EF4581, 0x0513D1CF, 0x45818C44, 0x1210D937, 0xD0EFC0EF,
0x84934401, 0x09133904, 0x4A853909, 0x01441F63, 0xC0EF854E, 0xF0EFC44F, 0x0073F87F, 0x02931050,
0x868B0141, 0x614501E2, 0x85228082, 0xC2AFC0EF, 0x85264581, 0xCD6FC0EF, 0x854A4581, 0xCCEFC0EF,
0xC0EF8522, 0x0D238DFF, 0x04050755, 0x1141B7C1, 0x84AAC226, 0xC6064501, 0xC0EFC422, 0x8526E66F,
0xC02FD0EF, 0xC0EF8526, 0x842A8BBF, 0xD0EF8526, 0x4785C38F, 0x00F404A3, 0x26234789, 0xC05C0004,
0x442240B2, 0x01414492, 0x11418082, 0x84AAC226, 0xC6064501, 0xC0EFC422, 0x8526E2AF, 0xBC6FD0EF,
0xC0EF8526, 0x842A87FF, 0xD0EF8526, 0x4785C3EF, 0x00F404A3, 0xC45C4785, 0xC05C4789, 0x442240B2,
0x01414492, 0x11418082, 0xC422C606, 0x84AAC226, 0x851FC0EF, 0x8526842A, 0xB8AFD0EF, 0x05A34785,
0x478500F4, 0x00042223, 0x10F42A23, 0x442240B2, 0x01414492, 0x11418082, 0x84AAC226, 0xC6064501,
0xC0EFC422, 0x8526DBEF, 0x819FC0EF, 0x8526842A, 0xB52FD0EF, 0x05A34785, 0x222300F4, 0x2A230004,
0x40B21004, 0x44924422, 0x80820141, 0xC6061141, 0xC226C422, 0xC0EF84AA, 0x842AFEAF, 0xD0EF8526,
0x47A1B24F, 0x40B2C05C, 0x44924422, 0x80820141, 0xFDDFF06F, 0xC6061141, 0xC226C422, 0xC0EF84AA,
0x842AFC2F, 0xD0EF8526, 0x0793AFCF, 0xDC7C1000, 0xC05C4795, 0x442240B2, 0x01414492, 0x11418082,
0xC422C606, 0x842AC226, 0xF98FC0EF, 0x852284AA, 0xAD2FD0EF, 0x12110537, 0xAC850513, 0xB38FC0EF,
0x8522CD09, 0xDFAFD0EF, 0x80234791, 0xC0DC0804, 0x442240B2, 0x01414492, 0x85228082, 0xDB8FD0EF,
0x8082B7E5, 0x1210D537, 0x05134581, 0xC06F3905, 0xD537B3CF, 0x45811200, 0x39050513, 0xB2EFC06F,
0x10011537, 0x05131141, 0xC6066245, 0xAE8FC0EF, 0xF0EF4581, 0xF0EFD6BF, 0x40B2DB5F, 0x01414501,
0x45018082, 0x45018082, 0x11418082, 0xC422C606, 0x84AAC226, 0xA42FC0EF, 0x1200D537, 0x39050513,
0xAB4FC0EF, 0x842A4595, 0xD35FF0EF, 0xFFF40513, 0x00055363, 0x14134501, 0xF0EF0185, 0x8461F99F,
0x17634795, 0xF53702F4, 0xC0EF1210, 0xE10DA8AF, 0x12112537, 0xF8050513, 0xA7CFC0EF, 0x15758171,
0xE763478D, 0x458500A7, 0x1210F537, 0xA9EFC0EF, 0x00241513, 0x0413643D, 0x9522AB84, 0x8526411C,
0xB0EF9782, 0xC0EFD8FF, 0x44229D0F, 0x852640B2, 0x01414492, 0xD85FB06F, 0xC6061141, 0xC226C422,
0xC0EF84AA, 0xD5379B4F, 0x05131210, 0xC0EF3905, 0x842AA26F, 0xF0EF4591, 0x147DCA7F, 0xF09FF0EF,
0x43634501, 0x85220004, 0x85610562, 0x879367BD, 0x050AAB87, 0x411C953E, 0x97828526, 0xD35FB0EF,
0x976FC0EF, 0x40B24422, 0x44928526, 0xB06F0141, 0x4505D2BF, 0x25378082, 0x11411014, 0x05134581,
0xC606C585, 0xC0EFC422, 0x1437A04F, 0x05131014, 0x458128C4, 0x9F6FC0EF, 0x10040513, 0x40B24422,
0x01414581, 0x9E6FC06F, 0xA82367BD, 0x80823807, 0xA50367BD, 0x80823907, 0x10135537, 0xFDC50513,
0xA00FC06F, 0x67BD1141, 0xC422C606, 0xA823C226, 0x842A3807, 0x25372B81, 0x45851014, 0xC5850513,
0x9AAFC0EF, 0x101414B7, 0x28C48513, 0xC0EF4585, 0x851399CF, 0x45851004, 0x992FC0EF, 0x266D2CE5,
0x00440513, 0x4B000713, 0x46054685, 0x26C14581, 0x00042023, 0x442240B2, 0x01414492, 0x11018082,
0x00810293, 0x00E2968B, 0x00052903, 0x00450993, 0x842A4A05, 0x0463854E, 0x26E50949, 0x046384AA,
0x44810145, 0x5783A819, 0x07850084, 0x83C107C2, 0x00F56C63, 0xF23FF0EF, 0x029324E9, 0x85260081,
0x00E2868B, 0x80826105, 0x892A214D, 0x05332691, 0x19030325, 0x45330084, 0x10230325, 0xF0EF02A4,
0xE537EF9F, 0x45851013, 0x73850513, 0x8FEFC0EF, 0x10141537, 0x05134581, 0xC0EF1005, 0x25378F0F,
0x45851014, 0xE6C50513, 0x8E2FC0EF, 0x02045703, 0x46054681, 0x854E4581, 0xC0042E19, 0x2695B759,
0x10E384AA, 0xE537F925, 0x45811013, 0x73850513, 0x8BAFC0EF, 0x10142537, 0x05134581, 0xC0EFE6C5,
0x24818ACF, 0x00841403, 0x54B000EF, 0x757DE521, 0xC5A50513, 0x02A40533, 0x00374437, 0xCA040413,
0x87936789, 0x95227107, 0xFC900613, 0x08C00593, 0x02F54533, 0xE8DFB0EF, 0x01051593, 0x10135537,
0x051381C1, 0xC0EFFDC5, 0x67BD864F, 0xA8234705, 0xB72538E7, 0x0513757D, 0x05339265, 0xF43702A4,
0x0413003F, 0xBF6DF304, 0x1000D537, 0x05131141, 0xC6061805, 0x800FC0EF, 0x00251793, 0x653D40B2,
0xADC50513, 0x4108953E, 0x80820141, 0x168B1141, 0x842A0021, 0x1000D537, 0x18050513, 0xB0EF84AE,
0x0713FD7F, 0x47A5FFF5, 0x08E7EB63, 0x00351793, 0x0513653D, 0x953EB085, 0x00054903, 0xE83D414C,
0x000F4437, 0x24040413, 0x02848433, 0x02B45433, 0x10016537, 0x05134585, 0xB0EFF785, 0x14B7FD1F,
0x45851001, 0x39C48513, 0xFC3FB0EF, 0x85134581, 0xB0EF4204, 0xE537FB9F, 0x85A21001, 0xF8050513,
0xFABFB0EF, 0x10015537, 0x051385CA, 0xB0EF4985, 0x2437F9DF, 0x45811002, 0xEF440513, 0xF8FFB0EF,
0xEF440513, 0xB0EF4585, 0x4505F85F, 0x0021068B, 0x80820141, 0x80000437, 0xFFF44413, 0x4501BF51,
0x1537B7F5, 0x11411001, 0x42050513, 0xB0EFC606, 0x40B2F27F, 0x3513157D, 0x01410015, 0x11418082,
0xC606C422, 0xFDFFF0EF, 0x44014785, 0x00F51663, 0x842A4581, 0xF19FF0EF, 0x40B28522, 0x01414422,
0x11418082, 0xC606C422, 0x40A58433, 0x00A5F963, 0x1001E537, 0xF8050513, 0xEDDFB0EF, 0x8522942A,
0x442240B2, 0x80820141, 0x1001F537, 0xF8050513, 0xEC5FB06F, 0xCC221101, 0x5537842A, 0x05131001,
0xCE064985, 0xC62ECA26, 0xEADFB0EF, 0x84AA45B2, 0xF0EF8522, 0x842AFB1F, 0xE91FF0EF, 0x06400793,
0x02000737, 0x02F557B3, 0x00E46E63, 0x02F45533, 0x05334429, 0x15330285, 0x40F20095, 0x44D24462,
0x80826105, 0x00941533, 0x02F55533, 0x05334429, 0xB7E50285, 0x10139537, 0x45851141, 0x08450513,
0xB0EFC606, 0x4585E89F, 0x10102537, 0xE7FFB0EF, 0xE53740B2, 0x45851013, 0x7BC50513, 0xB06F0141,
0xE537E6DF, 0x11411013, 0x05134581, 0xC6067BC5, 0xE5BFB0EF, 0x25374581, 0xB0EF1010, 0x40B2E51F,
0x10139537, 0x05134581, 0x01410845, 0xE3FFB06F, 0xC4221141, 0x842AC606, 0xDF1FF0EF, 0x00140593,
0x00B515B3, 0x05136509, 0xD5B37105, 0x079302A5, 0xF46307F0, 0x059300B7, 0x442207F0, 0x253740B2,
0x05131010, 0x01413845, 0xE03FB06F, 0xCE061101, 0xF0EFC62E, 0x45B2FBFF, 0xA53740F2, 0x05131012,
0x61057345, 0xDE7FB06F, 0x45014585, 0xFE1FF06F, 0x1012A537, 0x05131141, 0xC6067345, 0xD99FB0EF,
0x052140B2, 0x95334785, 0x014100A7, 0x11018082, 0xCC22CE06, 0x07A3CA26, 0xCD1400C5, 0x00050723,
0x84AE842A, 0xF0EFC63A, 0x4732FCBF, 0x00A41523, 0x00042023, 0x00E41A23, 0x00041223, 0xA5374581,
0xB0EF1012, 0x4462D89F, 0xFFF48593, 0x44D240F2, 0x1013E537, 0x0015B593, 0x6B450513, 0xB06F6105,
0x1101D6DF, 0x00C10293, 0x0062968B, 0x00052903, 0x842A4485, 0x00990D63, 0xA5374585, 0xB0EF1012,
0x4511D4DF, 0xC07FB0EF, 0x4481C004, 0x99B7A815, 0x85131012, 0xB0EF6309, 0xE915CFFF, 0x46116591,
0xE8058593, 0xB0EF4511, 0x4481BF7F, 0x4581E911, 0x1012A537, 0xD17FB0EF, 0x122357FD, 0x448500F4,
0x00C10293, 0x868B8526, 0x61050062, 0x45818082, 0x1012A537, 0xCF7FB0EF, 0x58098513, 0x00445483,
0xCB5FB0EF, 0x00E44783, 0x05429526, 0x07E20785, 0x00F40703, 0x87E18541, 0x00A41223, 0x00F40723,
0x00E7D563, 0x00042023, 0x4C1CB749, 0x03279463, 0x02E54533, 0x00A41223, 0x00441783, 0xF3CD4485,
0x05936541, 0x46ADF005, 0x05134621, 0xB0EFDE45, 0xB779C35F, 0x01441783, 0x02A78533, 0x00A41783,
0x02E787B3, 0x02F54533, 0x1141B7F1, 0x00EFC606, 0x07931250, 0xE1192D00, 0x2BC00793, 0x853E40B2,
0x80820141, 0x45B5653D, 0xB6050513, 0xCE7FB06F, 0x10001537, 0x05131141, 0xC606C585, 0xC19FB0EF,
0x050640B2, 0x80820141, 0x12127537, 0x05134581, 0xB06F3185, 0x1141C39F, 0x1437C422, 0x05131212,
0x4581DEC4, 0xB0EFC606, 0x0513C25F, 0x4585DEC4, 0xC1BFB0EF, 0x40B24422, 0x01414505, 0xA0FFB06F,
0xC4221141, 0x1211C437, 0x051385AA, 0xC6065104, 0xBFBFB0EF, 0x10840513, 0xB0EF4585, 0x4422BF1F,
0x450940B2, 0xB06F0141, 0xC5379E5F, 0x11411211, 0x51050513, 0xB0EFC606, 0x40B2C0BF, 0x80820141,
0xC6061141, 0x47C12855, 0x4705C901, 0x02000793, 0x00E50463, 0xFC000793, 0x853E40B2, 0xF06F0141,
0x1141FA3F, 0xC422C606, 0xFC3FF0EF, 0x2069842A, 0xC90147C1, 0x07934705, 0x04630200, 0x079300E5,
0x0533FC00, 0x40B240F4, 0x05424422, 0x01418541, 0x11418082, 0x3437C422, 0x85AA1210, 0x68040513,
0xB0EFC606, 0xD537B69F, 0x05131214, 0xB0EFB585, 0xE909B27F, 0x73840513, 0x40B24422, 0x01414585,
0xB4BFB06F, 0x442240B2, 0x80820141, 0x12108537, 0x05131141, 0xC6068405, 0xAFDFB0EF, 0xC9094781,
0x1214D537, 0xB5850513, 0xAEDFB0EF, 0x00153793, 0x853E40B2, 0x80820141, 0x12157537, 0xD6450513,
0xAD5FB06F, 0x12112537, 0x5A050513, 0xAC9FB06F, 0x12129537, 0x05131141, 0xC6061005, 0xAB9FB0EF,
0xE5194781, 0x1212C537, 0xAADFB0EF, 0x00153793, 0x853E40B2, 0x80820141, 0xF95FF06F, 0xC4221141,
0x842E4605, 0xC6064589, 0x8D9FB0EF, 0x1793157D, 0x653D0025, 0xB9450513, 0x85A2953E, 0x40B24422,
0x01414108, 0xAA7FB06F, 0x46051141, 0xC6064589, 0x8B1FB0EF, 0x1793157D, 0x653D0025, 0xB9450513,
0x4108953E, 0xABDFB0EF, 0x014140B2, 0x25378082, 0x11411215, 0x05134585, 0xC606D685, 0xA6FFB0EF,
0x153740B2, 0x45811215, 0x42050513, 0xB06F0141, 0x2537A5DF, 0x45851215, 0xC6050513, 0xA4FFB06F,
0x05131141, 0xC6060620, 0xECBFF0EF, 0x983FB0EF, 0x014140B2, 0x8F7FB06F, 0xC6061141, 0xEF1FF0EF,
0x47814705, 0x00E50C63, 0x967FB0EF, 0x05934611, 0xB0EF3E80, 0x37938EBF, 0x07850015, 0x853E40B2,
0x80820141, 0x45851141, 0x1212E537, 0xC422C606, 0x9FBFB0EF, 0xB0EF4509, 0xC537FF4F, 0xB0EF1212,
0xC5059B7F, 0x92BFB0EF, 0x87FFB0EF, 0x05136541, 0x0693DC85, 0x46610400, 0xFF0005B7, 0x967FB0EF,
0x40B24509, 0x01414422, 0x45818082, 0x1212E537, 0x9BBFB0EF, 0x1213A537, 0x05134581, 0xB0EF8A45,
0x95379ADF, 0x45811213, 0x40050513, 0x99FFB0EF, 0x12116437, 0x05134581, 0xB0EF39C4, 0x0513991F,
0x458539C4, 0x987FB0EF, 0xBF654501, 0x05131141, 0xC6060650, 0xDFFFF0EF, 0x8B7FB0EF, 0x014140B2,
0x82BFB06F, 0xC6061141, 0xE25FF0EF, 0x47814705, 0x00E50C63, 0x89BFB0EF, 0x05934621, 0xB0EF3E80,
0x379381FF, 0x07850015, 0x853E40B2, 0x80820141, 0x05131141, 0xC6060660, 0xDBBFF0EF, 0x873FB0EF,
0x014140B2, 0xFE6FB06F, 0xC6061141, 0xDE1FF0EF, 0x47814705, 0x00E50C63, 0x857FB0EF, 0x05934625,
0xB0EF3E80, 0x3793FDAF, 0x07850015, 0x853E40B2, 0x80820141, 0xCC221101, 0x1212C437, 0x84AECA26,
0x051385AA, 0xCE0628C4, 0xC632C436, 0x8DFFB0EF, 0x051385A6, 0xB0EF5A44, 0x46328D5F, 0x41840513,
0xB0EF85B2, 0x46A28C9F, 0x7B040513, 0x40F24462, 0x85B644D2, 0xB06F6105, 0x11418B5F, 0x4785C606,
0x0363862E, 0x86AA04F5, 0x478DC911, 0x04F50563, 0x00B03633, 0x85B2060A, 0xA029450D, 0x46014681,
0x451D4581, 0xF91FF0EF, 0x1212E537, 0x05134581, 0xB0EF7BC5, 0x40B2879F, 0x12130537, 0x05134581,
0x0141C605, 0x867FB06F, 0x00B03633, 0x46810606, 0x451585B2, 0x4689BFC1, 0xB7E94505, 0xC4221141,
0x1212F437, 0x84AAC226, 0xD5C40513, 0xB0EFC606, 0x051383DF, 0x44228404, 0x85A640B2, 0x01414492,
0x82BFB06F, 0x02937179, 0x968B01C1, 0xD9370062, 0x842E1212, 0x85B284AA, 0xFE490513, 0x89C2C43A,
0xC636C23E, 0x807FB0EF, 0x051346B2, 0xE937C409, 0x85B61212, 0xFF6FB0EF, 0x1212C537, 0x051385A2,
0xB0EF1045, 0x4792FE8F, 0xB0090513, 0xB0EF85BE, 0x4722FDCF, 0xDDC90513, 0xB0EF85BA, 0x4785FD0F,
0x0487F263, 0x1B634789, 0xF0EF06F4, 0x4589CAFF, 0xB0EF4601, 0x1793DCEF, 0x653D0025, 0xBB050513,
0x1583953E, 0x14030005, 0x05370025, 0x05131213, 0xB0EF8A45, 0xF537F98F, 0x85A21212, 0x40050513,
0xF8AFB0EF, 0x96936541, 0x46010029, 0x0FF00593, 0xB4850513, 0xF0EFB0EF, 0x05F00513, 0xBF7FF0EF,
0x0004A023, 0xEAAFB0EF, 0xE22FB0EF, 0x01C10293, 0x00049223, 0x0062868B, 0x80826145, 0xF6A00413,
0x09600593, 0x491CB75D, 0x17FD4705, 0x04F77763, 0xC4221141, 0x451CC606, 0x9D63842A, 0xF0EF02E7,
0xE90DC1BF, 0x00C44783, 0x01E41683, 0x06B3C399, 0x4C1C40D0, 0x01C44803, 0x01444703, 0x02041603,
0x45894048, 0xEE1FF0EF, 0xC01C478D, 0x442240B2, 0x80820141, 0x01E41683, 0x4791BFE9, 0x8082C11C,
0xC7B9491C, 0xC4221141, 0x4518C606, 0x842A4785, 0x02F71D63, 0xBC5FF0EF, 0x4783E90D, 0x168300C4,
0xC39901E4, 0x40D006B3, 0x48034C1C, 0x470301C4, 0x16030144, 0x40480204, 0xF0EF458D, 0x4785E8BF,
0x40B2C01C, 0x01414422, 0x16838082, 0xBFE901E4, 0xC11C4789, 0x11418082, 0x0021168B, 0xF0EF892A,
0xED19B4FF, 0xDCAFB0EF, 0x461D65A5, 0xCA058593, 0xD4CFB0EF, 0x00153513, 0x0021068B, 0x80820141,
0x464164C1, 0x851375C1, 0xB0EFB544, 0x842ADCCF, 0x85934601, 0x8513FFF4, 0xB0EFB544, 0x0793DBCF,
0xD4630FF0, 0x04130087, 0x0442E004, 0x11238441, 0x07930089, 0xD4630FF0, 0x051300A7, 0x0542E005,
0x10238541, 0x450500A9, 0x1141BF45, 0xC606C422, 0x4144C226, 0x8526842A, 0xF7FFF0EF, 0x4703CD11,
0x978300C4, 0xEF110004, 0x02F41123, 0x00249783, 0x02F41223, 0xC01C4791, 0x442240B2, 0x01414492,
0x15238082, 0x978302F4, 0x16230024, 0xB7DD02F4, 0xC4221141, 0xC226C606, 0x842A4144, 0xF0EF8526,
0xCD11F39F, 0x00C44703, 0x00049783, 0x1323EF11, 0x978302F4, 0x14230024, 0x478902F4, 0x40B2C01C,
0x44924422, 0x80820141, 0x02F41723, 0x00249783, 0x02F41823, 0x451CB7DD, 0x1141C7C9, 0x842AC422,
0xC6064505, 0xAE5FF0EF, 0x02A41783, 0x02241703, 0x40A00533, 0x00F75463, 0x02F41123, 0x02C41783,
0x02441703, 0x00E7D463, 0x02F41223, 0x02845603, 0x02645683, 0x03045703, 0x02E45783, 0x81410542,
0x96AA962A, 0x85338F09, 0x064240A7, 0x074206C2, 0x86410542, 0x874186C1, 0x14238541, 0x132302C4,
0x182302D4, 0x172302E4, 0x546302A4, 0x142300C7, 0xD46302E4, 0x132300A6, 0x40B202A4, 0x01414422,
0x80828082, 0xC4221141, 0x842AC606, 0xC1054508, 0x00C44783, 0x4585EF89, 0xC43FF0EF, 0x06234785,
0x202300F4, 0x40B20004, 0x01414422, 0x48188082, 0x08634785, 0xC33906F7, 0x01634789, 0x478D08F7,
0x08F70E63, 0x02241703, 0x02441783, 0x02641683, 0x17038F99, 0x078E0284, 0x973E8F15, 0xC151D858,
0x02A41683, 0x02C41783, 0x02E41603, 0x16838F95, 0x078E0304, 0x97B68E91, 0xA01597BA, 0x02441783,
0x02241703, 0x40E78733, 0xCD21D858, 0x02C41783, 0x02A41683, 0x97BA8F95, 0xC7B34709, 0xD85C02E7,
0x1783A089, 0x17030284, 0x87330264, 0xD85840E7, 0x1783C90D, 0x16830304, 0xBFE902E4, 0x02641683,
0x02841783, 0x02E41603, 0x168397B6, 0xC7B30304, 0x96B202E7, 0x02E6C6B3, 0xB7C18F95, 0xF0EF8522,
0x4795E99F, 0xB781C01C, 0xCC221101, 0xCE06CA26, 0xC91484B6, 0x02014683, 0xC510C14C, 0x00D50E23,
0x00050623, 0x01050A23, 0x01152C23, 0x842A4685, 0x04D61363, 0xC43AC63E, 0x8E1FF0EF, 0x47B24722,
0x4505E91D, 0x945FF0EF, 0x00A41F23, 0x9F634789, 0x102300F4, 0x44080204, 0xF0EF4581, 0x2023B21F,
0x40F20004, 0x44D24462, 0x80826105, 0x817FF0EF, 0x02A41023, 0x1F23B7CD, 0x102300E4, 0xBFE102F4,
0xC6061141, 0xC226C422, 0x47114104, 0x00977963, 0x85224405, 0x442240B2, 0x01414492, 0x673D8082,
0xB9C70713, 0x00249793, 0x439C97BA, 0x9782842A, 0x47954014, 0xFCF68EE3, 0x8CE34401, 0x6585FC96,
0x46216541, 0xF0058593, 0xDBC50513, 0xAF6FB0EF, 0x4537B7C9, 0x15411001, 0xB1CFB06F, 0x00008FE8,
0x0000902C, 0x00008F6E, 0x0000FDCC, 0x04000000, 0x0000001A, 0x00000000, 0x1215AA44, 0x1215BCD8,
0x1215AC58, 0x1215BE68, 0x07070509, 0x07070508, 0x07070507, 0x07070506, 0x07060505, 0x07060405,
0x07060305, 0x07060205, 0x06060105, 0x06050104, 0x05050103, 0x05040003, 0x04040002, 0x04030001,
0x03030000, 0x03020100, 0x00060504, 0x01010000, 0x03030202, 0x00000404, 0x06050606, 0x05040505,
0x04030404, 0x03020303, 0x02010202, 0x01000101, 0x00000000, 0x1215C5A4, 0x1215AA44, 0x1215BCD8,
0x1215AC58, 0x1215BE68, 0x1215C8BC, 0x1215C730, 0x1215A204, 0x1215B498, 0x121517BC, 0x121516B4,
0x12151528, 0x1215A838, 0x1215C394, 0x121515AC, 0x0A000800, 0x0E000C00, 0x08030603, 0x0C030A03,
0x06060406, 0x0A060806, 0x04090209, 0x08090609, 0x020C000C, 0x060C040C, 0x0000FD94, 0x01000000,
0x00000018, 0x00000000, 0x0000FD94, 0x04000000, 0x0000001A, 0x00000002, 0x0000FD94, 0x02000000,
0x00000019, 0x00000005, 0x00009526, 0x00009584, 0x00009398, 0x0000941A, 0x0000ACA2, 0x00009284,
0x000092BC, 0x00009190, 0x0000916A, 0x0000A110, 0x0000A068, 0x0000A0A6, 0x0000A264, 0x0000A046,
0x00009F64, 0x3C37322D, 0x504B4641, 0x1215C5A4, 0x1215AA44, 0x1215BCD8, 0x1215AC58, 0x1215BE68,
0x1215A204, 0x1215B498, 0x12151528, 0x1215A838, 0x1215C394, 0x121515AC, 0x1211C510, 0x1215A6A4,
0x1215B938, 0x1215C200, 0x121517BC, 0x121516B4, 0x1215C8BC, 0x1215C730, 0x1202FCE4, 0x1202FFF4,
0x1202FE68, 0x1202FBC0, 0x1202F7A0, 0xFEFDFC00, 0x030201FF, 0x06020406, 0x06010106, 0x00000006,
0x00000000, 0x07020506, 0x06010107, 0x00000006, 0x00000000, 0x0000AEC8, 0x0000AE9C, 0x0000AE68,
0x0000AE4E, 0x0000AFD6, 0x0000AF92, 0x0000AF4E, 0x0000AEF2, 0x0000B19E, 0x0000B154, 0x0000B13A,
0x0000B0CA, 0x0000B522, 0x0000B4FE, 0x0000B4E4, 0x0000B4BA, 0x0000B49E, 0x0000B76A, 0x0000B43C,
0x0000B3AE, 0x0000B348, 0x0000B7F6, 0x0000B6E2, 0x0000B2E6, 0x0000B656, 0x0000B1FE, 0x0000BB1A,
0x0000BAF4, 0x0000BA6A, 0x0000BA1C, 0x0000B9D8, 0x00503C3C, 0x3C3C3C3C, 0x0000BCEE, 0x0000C2C4,
0x0000C496, 0x0000BD4A, 0x0000C2EE, 0x0000C290, 0x0000C0E2, 0x0000BF0A, 0x0000BEBC, 0x0000BE58,
0x0000C446, 0x0000C7C2, 0x0000C6E4, 0x0000C68C, 0x0000C770, 0x0000C586, 0x0000CC58, 0x0000CC18,
0x0000CB70, 0x0000CB38, 0x0000CAF2, 0x0000CAD0, 0x0000CA92, 0x0000CA4C, 0x0000CA0E, 0x0000C9DC,
0x0000C990, 0x0000C94E, 0x0000C8EC, 0x0000C8C8, 0x4B3C2D1E, 0x00400004, 0x00000040, 0x00400040,
0x00780038, 0x00060078, 0x00000000, 0x00780039, 0x00010078, 0x00000000, 0x0000D62E, 0x0000D66A,
0x0000D6A6, 0x0000D6D6, 0x0000D70C, 0x0000D730, 0x0000D734, 0x0000D75E, 0x0000D7A2, 0x00000000,
0x000061A8, 0x00009600, 0x0000C350, 0x000186A0, 0x000249F0, 0x00030D40, 0x0003D090, 0x000493E0,
0x00055730, 0x00061A80, 0x00000000, 0x00000000, 0x00000002, 0x00027100, 0x00000002, 0x000196E7,
0x00000003, 0x00027100, 0x00000004, 0x00027100, 0x00000004, 0x0001A0AB, 0x00000005, 0x00027100,
0x00000006, 0x0003E800, 0x00000005, 0x0001A0AB, 0x00000005, 0x00016524, 0x00000006, 0x00027100,
0x1013E738, 0x10141FF4, 0x101429C0, 0x101419C4, 0x10141524, 0x10141838, 0x10141C58, 0x101416AC,
0x10141AD0, 0x10141418, 0x10141D64, 0x1014128C, 0x10141100, 0x1212B79C, 0x1212B300, 0x0000E400,
0x0000E510, 0x0000E3A6, 0x0000E4CA, 0x0000E5E4, 0xFFE80018, 0xFFE80018, 0xFFF00010, 0x00000000,
0x00000000, 0x00000000, 0x00000000, 0x00000000, 0x00000000, 0x00000000, 0x00000000, 0x00000000,
0x00000000, 0x00000000, 0x00000000, 0x00000000, 0x00000000, 0x00000000, 0x00000000, 0x00000000,
0x00000000, 0x00000000, 0x00000000, 0x00000000, 0x00000000, 0x00000000, 0x00000000, 0x00000000,
0x00000000, 0x00000000, 0x00000000, 0x00000000, 0x00000000, 0x00000000, 0x00000000, 0x00000000,
0x00000000, 0x00000000, 0x00000000, 0x00000000, 0x00000000, 0x00000000, 0x00000000, 0x00000000,
0x00000000, 0x00000000, 0x00000000, 0x00000000, 0x00000000, 0x00000000, 0x00000000, 0x00000000,
0x00000000, 0x00000000, 0x00000000, 0x00000000, 0x00000000, 0x00000000, 0x00000000, 0x00000000,
0x00000000, 0x00000000, 0x00000000, 0x00000000, 0x00000000, 0x00000000, 0x00000000, 0x00000000,
0x00000000, 0x00000000, 0x00000000, 0x00000000, 0x00000000, 0x00000000, 0x00000000, 0x00000000,
0x00000000, 0x00000000, 0x00000000, 0x00000000, 0x00000000, 0x00000000, 0x00000000, 0x00000000,
0x00000000, 0x00000000, 0x00000000, 0x00000000, 0x00000000, 0x00000000, 0x00000000, 0x00000000,
0x00000000, 0x00000000, 0x00000000, 0x00000000, 0x00000000, 0x00000000, 0x00000000, 0x00000000,
0x00000000, 0x00000000, 0x00000000, 0x00000000, 0x00000000, 0x00000000, 0x00000000, 0x00000000,
0x00000000, 0x00000000, 0x00000000, 0x00000000, 0x00000000, 0x00000000, 0x00000000, 0x00000000,
0x00000000, 0x00000000, 0x00000000, 0x00000000, 0x00000000, 0x00000000, 0x00000000, 0x00000000,
0x00000000, 0x00000000, 0x00000000, 0x00000000, 0x00000000, 0x00000000, 0x00000000, 0x00000000,
0x00000000, 0x00000000, 0x00000000, 0x00000000, 0x00000000, 0x00000000, 0x00000000, 0x00000000,
0x00000000, 0x00000000, 0x00000000, 0x00000000, 0x00000000, 0x00000000, 0x00000000, 0x00000000,
0x00000000, 0x00000000, 0x00000000, 0x00000000, 0x00000000, 0x00000000, 0x00000000, 0x00000000,
0x00000000, 0x00000000, 0x00000000, 0x00000000, 0x00000000, 0x00000000, 0x00000000, 0x00000000,
0x00000000, 0x00000000, 0x00000000, 0x00000000, 0x00000000, 0x00000000, 0x00000000, 0x00000000,
0x00000000, 0x00000000, 0x00000000, 0x00000000, 0x00000000, 0x00000000, 0x00000000, 0x00000000,
0x00000000, 0x00000000, 0x00000000, 0x00000000, 0x00000000, 0x00000000, 0x00000000, 0x00000000,
0x00000000, 0x00000000, 0x00000000, 0x00000000, 0x00000000, 0x00000000, 0x00000000, 0x00000000,
0x00000000, 0x00000000, 0x00000000, 0x00000000, 0x00000000, 0x00000000, 0x00000000, 0x00000000,
0x00000000, 0x00000000, 0x00000000, 0x00000000, 0x00000000, 0x00000000, 0x00000000, 0x00000000,
0x00000000, 0x00000000, 0x00000000, 0x00000000, 0x00000000, 0x00000000, 0x00000000, 0x00000000,
0x00000000, 0x00000000, 0x00000000, 0x00000000, 0x00000000, 0x00000000, 0x00000000, 0x00000000,
0x00000000, 0x00000000, 0x00000000, 0x00000000, 0x00000000, 0x00000000, 0x00000000, 0x00000000,
0x00000000, 0x00000000, 0x00000000, 0x00000000, 0x00000000, 0x00000000, 0x00000000, 0x00000000,
0x00000000, 0x00000000, 0x00000000, 0x00000000, 0x00000000, 0x00000000, 0x00000000, 0x00000000,
0x00000000, 0x00000000, 0x00000000, 0x00000000, 0x00000000, 0x00000000, 0x00000000, 0x00000000,
0x00000000, 0x00000000, 0x00000000, 0x00000000, 0x00000000, 0x00000000, 0x00000000, 0x00000000,
0x00000000, 0x00000000, 0x00000000, 0x00000000, 0x00000000, 0x00000000, 0x00000000, 0x00000000,
0x00000000, 0x00000000, 0x00000000, 0x00000000, 0x00000000, 0x00000000, 0x00000000, 0x00000000,
0x00000000, 0x00000000, 0x00000000, 0x00000000, 0x00000000, 0x00000000, 0x00000000, 0x00000000,
0x00000000, 0x00000000, 0x00000000, 0x00000000, 0x00000000, 0x00000000, 0x00000000, 0x00000000,
0x00000000, 0x00000000, 0x00000000, 0x00000000, 0x00000000, 0x00000000, 0x00000000, 0x00000000,
0x00000000, 0x00000000, 0x00000000, 0x00000000, 0x00000000, 0x00000000, 0x00000000, 0x00000000,
0x00000000, 0x00000000, 0x00000000, 0x00000000, 0x00000000, 0x00000000, 0x00000000, 0x00000000,
0x00000000, 0x00000000, 0x00000000, 0x00000000, 0x00000000, 0x00000000, 0x00000000, 0x00000000,
0x00000000, 0x00000000, 0x00000000, 0x00000000, 0x00000000, 0x00000000, 0x00000000, 0x00000000,
0x00000000, 0x00000000, 0x00000000, 0x00000000, 0x00000000, 0x00000000, 0x00000000, 0x00000000,
0x00000000, 0x00000000, 0x00000000, 0x00000000, 0x00000000, 0x00000000, 0x00000000, 0x00000000,
0x00000000, 0x00000000, 0x00000000, 0x00000000, 0x00000000, 0x00000000, 0x00000000, 0x00000000,
0x00000000, 0x00000000, 0x00000000, 0x00000000, 0x00000000, 0x00000000, 0x00000000, 0x00000000,
0x00000000, 0x00000000, 0x00000000, 0x00000000, 0x00000000, 0x00000000, 0x00000000, 0x00000000,
0x00000000, 0x00000000, 0x00000000, 0x00000000, 0x00000000, 0x00000000, 0x00000000, 0x00000000,
0x00000000, 0x00000000, 0x00000000, 0x00000000, 0x00000000, 0x00000000, 0x00000000, 0x00000000,
0x00000000, 0x00000000, 0x00000000, 0x00000000, 0x00000000, 0x00000000, 0x00000000, 0x00000000,
0x00000000, 0x00000000, 0x00000000, 0x00000000, 0x00000000, 0x00000000, 0x00000000, 0x00000000,
0x00000000, 0x00000000, 0x00000000, 0x00000000, 0x00000000, 0x00000000, 0x00000000, 0x00000000,
0x00000000, 0x00000000, 0x00000000, 0x00000000, 0x00000000, 0x00000000, 0x00000000, 0x00000000,
0x00000000, 0x00000000, 0x00000000, 0x00000000, 0x00000000, 0x00000000, 0x00000000, 0x00000000,
0x00000000, 0x00000000, 0x00000000, 0x00000000, 0x00000000, 0x00000000, 0x00000000, 0x00000000,
0x00000000, 0x00000000, 0x00000000, 0x00000000, 0x00000000, 0x00000000, 0x00000000, 0x00000000,
0x00000000, 0x00000000, 0x00000000, 0x00000000, 0x00000000, 0x00000000, 0x00000000, 0x00000000,
0x00000000, 0x00000000, 0x00000000, 0x00000000, 0x00000000, 0x00000000, 0x00000000, 0x00000000,
0x00000000, 0x00000000, 0x00000000, 0x00000000, 0x00000000, 0x00000000, 0x00000000, 0x00000000,
0x00000000, 0x00000000, 0x00000000, 0x00000000, 0x00000000, 0x00000000, 0x00000000, 0x00000000,
0x00000000, 0x00000000, 0x00000000, 0x00000000, 0x00000000, 0x00000000, 0x00000000, 0x00000000,
0x00000000, 0x00000000, 0x00000000, 0x00000000, 0x00000000, 0x00000000, 0x00000000, 0x00000000,
0x00000000, 0x00000000, 0x00000000, 0x00000000, 0x00000000, 0x00000000, 0x00000000, 0x00000000,
0x00000000, 0x00000000, 0x00000000, 0x00000000, 0x00000000, 0x00000000, 0x00000000, 0x00000000,
0x00000000, 0x00000000, 0x00000000, 0x00000000, 0x00000000, 0x00000000, 0x00000000, 0x00000000,
0x00000000, 0x00000000, 0x00000000, 0x00000000, 0x00000000, 0x00000000, 0x00000000, 0x00000000,
0x00000000, 0x00000000, 0x00000000, 0x00000000, 0x00000000, 0x00000000, 0x00000000, 0x00000000,
0x00000000, 0x00000000, 0x00000000, 0x00000000, 0x00000000, 0x00000000, 0x00000000, 0x00000000,
0x00000000, 0x00000000, 0x00000000, 0x00000000, 0x00000000, 0x00000000, 0x00000000, 0x00000000,
0x00000000, 0x00000000, 0x00000000, 0x00000000, 0x00000000, 0x00000000, 0x00000000, 0x00000000,
0x00000000, 0x00000000, 0x00000000, 0x00000000, 0x00000000, 0x00000000, 0x00000000, 0x00000000,
0x00000000, 0x00000000, 0x00000000, 0x00000000, 0x00000000, 0x00000000, 0x00000000, 0x00000000,
0x00000000, 0x00000000, 0x00000000, 0x00000000, 0x00000000, 0x00000000, 0x00000000, 0x00000000,
0x00000000, 0x00000000, 0x00000000, 0x00000000, 0x00000000, 0x00000000, 0x00000000, 0x00000000,
0x00000000, 0x00000000, 0x00000000, 0x00000000, 0x00000000, 0x00000000, 0x00000000, 0x00000000,
0x00000000, 0x00000000, 0x00000000, 0x00000000, 0x00000000, 0x00000000, 0x00000000, 0x00000000,
0x00000000, 0x00000000, 0x00000000, 0x00000000, 0x00000000, 0x00000000, 0x00000000, 0x00000000,
0x00000000, 0x00000000, 0x00000000, 0x00000000, 0x00000000, 0x00000000, 0x00000000, 0x00000000,
0x00000000, 0x00000000, 0x00000000, 0x00000000, 0x00000000, 0x00000000, 0x00000000, 0x00000000,
0x00000000, 0x00000000, 0x00000000, 0x00000000, 0x00000000, 0x00000000, 0x00000000, 0x00000000,
0x00000000, 0x00000000, 0x00000000, 0x00000000, 0x00000000, 0x00000000, 0x00000000, 0x00000000,
0x00000000, 0x00000000, 0x00000000, 0x00000000, 0x00000000, 0x00000000, 0x00000000, 0x00000000,
0x00000000, 0x00000000, 0x00000000, 0x00000000, 0x00000000, 0x00000000, 0x00000000, 0x00000000,
0x00000000, 0x00000000, 0x00000000, 0x00000000, 0x00000000, 0x00000000, 0x00000000, 0x00000000,
0x00000000, 0x00000000, 0x00000000, 0x00000000, 0x00000000, 0x00000000, 0x00000000, 0x00000000,
0x00000000, 0x00000000, 0x00000000, 0x00000000, 0x00000000, 0x00000000, 0x00000000, 0x00000000,
0x00000000, 0x00000000, 0x00000000, 0x00000000, 0x00000000, 0x00000000, 0x00000000, 0x00000000,
0x00000000, 0x00000000, 0x00000000, 0x00000000, 0x00000000, 0x00000000, 0x00000000, 0x00000000,
0x00000000, 0x00000000, 0x00000000, 0x00000000, 0x00000000, 0x00000000, 0x00000000, 0x00000000,
0x00000000, 0x00000000, 0x00000000, 0x00000000, 0x00000000, 0x00000000, 0x00000000, 0x00000000,
0x00000000, 0x00000000, 0x00000000, 0x00000000, 0x00000000, 0x00000000, 0x00000000, 0x00000000,
0x00000000, 0x00000000, 0x00000000, 0x00000000, 0x00000000, 0x00000000, 0x00000000, 0x00000000,
0x00000000, 0x00000000, 0x00000000, 0x00000000, 0x00000000, 0x00000000, 0x00000000, 0x00000000,
0x00000000, 0x00000000, 0x00000000, 0x00000000, 0x00000000, 0x00000000, 0x00000000, 0x00000000,
0x00000000, 0x00000000, 0x00000000, 0x00000000, 0x00000000, 0x00000000, 0x00000000, 0x00000000,
0x00000000, 0x00000000, 0x00000000, 0x00000000, 0x00000000, 0x00000000, 0x00000000, 0x00000000,
0x00000000, 0x00000000, 0x00000000, 0x00000000, 0x00000000, 0x00000000, 0x00000000, 0x00000000,
0x00000000, 0x00000000, 0x00000000, 0x00000000, 0x00000000, 0x00000000, 0x00000000, 0x00000000,
0x00000000, 0x00000000, 0x00000000, 0x00000000, 0x00000000, 0x00000000, 0x00000000, 0x00000000,
0x00000000, 0x00000000, 0x00000000, 0x00000000, 0x00000000, 0x00000000, 0x00000000, 0x00000000,
0x00000000, 0x00000000, 0x00000000, 0x00000000, 0x00000000, 0x00000000, 0x00000000, 0x00000000,
0x00000000, 0x00000000, 0x00000000, 0x00000000, 0x00000000, 0x00000000, 0x00000000, 0x00000000,
0x00000000, 0x00000000, 0x00000000, 0x00000000, 0x00000000, 0x00000000, 0x00000000, 0x00000000,
0x00000000, 0x00000000, 0x00000000, 0x00000000, 0x00000000, 0x00000000, 0x00000000, 0x00000000,
0x00000000, 0x00000000, 0x00000000, 0x00000000, 0x00000000, 0x00000000, 0x00000000, 0x00000000,
0x00000000, 0x00000000, 0x00000000, 0x00000000, 0x00000000, 0x00000000, 0x00000000, 0x00000000,
0x00000000, 0x00000000, 0x00000000, 0x00000000, 0x00000000, 0x00000000, 0x00000000, 0x00000000,
0x00000000, 0x00000000, 0x00000000, 0x00000000, 0x00000000, 0x00000000, 0x00000000, 0x00000000,
0x00000000, 0x00000000, 0x00000000, 0x00000000, 0x00000000, 0x00000000, 0x00000000, 0x00000000,
0x00000000, 0x00000000, 0x00000000, 0x00000000, 0x00000000, 0x00000000, 0x00000000, 0x00000000,
0x00000000, 0x00000000, 0x00000000, 0x00000000, 0x00000000, 0x00000000, 0x00000000, 0x00000000,
0x00000000, 0x00000000, 0x00000000, 0x00000000, 0x00000000, 0x00000000, 0x00000000, 0x00000000,
0x00000000, 0x00000000, 0x00000000, 0x00000000, 0x00000000, 0x00000000, 0x00000000, 0x00000000,
0x00000000, 0x00000000, 0x00000000, 0x00000000, 0x00000000, 0x00000000, 0x00000000, 0x00000000,
0x00000000, 0x00000000, 0x00000000, 0x00000000, 0x00000000, 0x00000000, 0x00000000, 0x00000000,
0x00000000, 0x00000000, 0x00000000, 0x00000000, 0x00000000, 0x00000000, 0x00000000, 0x00000000,
0x00000000, 0x00000000, 0x00000000, 0x00000000, 0x00000000, 0x00000000, 0x00000000, 0x00000000,
0x00000000, 0x00000000, 0x00000000, 0x00000000, 0x00000000, 0x00000000, 0x00000000, 0x00000000,
0x00000000, 0x00000000, 0x00000000, 0x00000000, 0x00000000, 0x00000000, 0x00000000, 0x00000000,
0x00000000, 0x00000000, 0x00000000, 0x00000000, 0x00000000, 0x00000000, 0x00000000, 0x00000000,
0x00000000, 0x00000000, 0x00000000, 0x00000000, 0x00000000, 0x00000000, 0x00000000, 0x00000000,
0x00000000, 0x00000000, 0x00000000, 0x00000000, 0x00000000, 0x00000000, 0x00000000, 0x00000000,
0x00000000, 0x00000000, 0x00000000, 0x00000000, 0x00000000, 0x00000000, 0x00000000, 0x00000000,
0x00000000, 0x00000000, 0x00000000, 0x00000000, 0x00000000, 0x00000000, 0x00000000, 0x00000000,
0x00000000, 0x00000000, 0x00000000, 0x00000000, 0x00000000, 0x00000000, 0x00000000, 0x00000000,
0x00000000, 0x00000000, 0x00000000, 0x00000000, 0x00000000, 0x00000000, 0x00000000, 0x00000000,
0x00000000, 0x00000000, 0x00000000, 0x00000000, 0x00000000, 0x00000000, 0x00000000, 0x00000000,
0x00000000, 0x00000000, 0x00000000, 0x00000000, 0x00000000, 0x00000000, 0x00000000, 0x00000000,
0x00000000, 0x00000000, 0x00000000, 0x00000000, 0x00000000, 0x00000000, 0x00000000, 0x00000000,
0x00000000, 0x00000000, 0x00000000, 0x00000000, 0x00000000, 0x00000000, 0x00000000, 0x00000000,
0x00000000, 0x00000000, 0x00000000, 0x00000000, 0x00000000, 0x00000000, 0x00000000, 0x00000000,
0x00000000, 0x00000000, 0x00000000, 0x00000000, 0x00000000, 0x00000000, 0x00000000, 0x00000000,
0x00000000, 0x00000000, 0x00000000, 0x00000000, 0x00000000, 0x00000000, 0x00000000, 0x00000000,
0x00000000, 0x00000000, 0x00000000, 0x00000000, 0x00000000, 0x00000000, 0x00000000, 0x00000000,
0x00000000, 0x00000000, 0x00000000, 0x00000000, 0x00000000, 0x00000000, 0x00000000, 0x00000000,
0x00000000, 0x00000000, 0x00000000, 0x00000000, 0x00000000, 0x00000000, 0x00000000, 0x00000000,
0x00000000, 0x00000000, 0x00000000, 0x00000000, 0x00000000, 0x00000000, 0x00000000, 0x00000000,
0x00000000, 0x00000000, 0x00000000, 0x00000000, 0x00000000, 0x00000000, 0x00000000, 0x00000000,
0x00000000, 0x00000000, 0x00000000, 0x00000000, 0x00000000, 0x00000000, 0x00000000, 0x00000000,
0x00000000, 0x00000000, 0x00000000, 0x00000000, 0x00000000, 0x00000000, 0x00000000, 0x00000000,
0x00000000, 0x00000000, 0x00000000, 0x00000000, 0x00000000, 0x00000000, 0x00000000, 0x00000000,
0x00000000, 0x00000000, 0x00000000, 0x00000000, 0x00000000, 0x00000000, 0x00000000, 0x00000000,
0x00000000, 0x00000000, 0x00000000, 0x00000000, 0x00000000, 0x00000000, 0x00000000, 0x00000000,
0x00000000, 0x00000000, 0x00000000, 0x00000000, 0x00000000, 0x00000000, 0x00000000, 0x00000000,
0x00000000, 0x00000000, 0x00000000, 0x00000000, 0x00000000, 0x00000000, 0x00000000, 0x00000000,
0x00000000, 0x00000000, 0x00000000, 0x00000000, 0x0418C630, 0x2211712C, 0x1770180C, 0x7D0FA12C,
0x14401440, 0x40414014, 0x00100C74, 0x12702AB0, 0x00102280, 0xCC831917, 0x77000006, 0x684020CC,
0x55555555, 0x54A952A7, 0x54A952A0, 0x54A952A0, 0x55550000, 0x00000000, 0x00000000, 0x00000000,
0x54A80020, 0xCC831917, 0x77000006, 0x684020CC, 0x55555555, 0x54A952A7, 0x54A952A0, 0x54A952A0,
0x55550000, 0x00000000, 0x00000000, 0x00000000, 0x54A80020, 0xCC831917, 0x77000006, 0x684020CC,
0x55555555, 0x54A952A7, 0x54A952A0, 0x54A952A0, 0x55550000, 0x00000000, 0x00000000, 0x00000000,
0x54A80020, 0xCC831917, 0x77000006, 0x684020CC, 0x55555555, 0x54A952A7, 0x54A952A0, 0x54A952A0,
0x55550000, 0x00000000, 0x00000000, 0x00000000, 0x54A80020, 0x00000000, 0x00000000, 0x00000000,
0x00000000, 0x00000000, 0x00000000, 0x00000000, 0x00000000, 0x00000000, 0x00000000, 0x00000000,
0x00000000, 0x00000000, 0x00000000, 0x00000000, 0x00000000, 0x00000000, 0x00000000, 0x00000000,
0x00000000, 0x00000000, 0x00000000, 0x00000000, 0x00000000, 0x00000000, 0x00000000, 0x00000000,
0x00000000, 0x00000000, 0x00000000, 0x00000000, 0x00000000, 0x00000000, 0x00000000, 0x00000000,
0x00000000, 0x00000000, 0x00000000, 0x00000000, 0x00000000, 0x00000000, 0x00000000, 0x00000000,
0x00000000, 0x00000000, 0x00000000, 0x00000000, 0x00000000, 0x00000000, 0x00000000, 0x00000000,
0x00000000, 0x00000000, 0x00000000, 0x00000000, 0x00000000, 0x00000000, 0x00000000, 0x00000000,
0x00000000, 0x00000000, 0x00000000, 0x00000000, 0x00000000, 0x00000000, 0x00000000, 0x00000000,
0x00000000, 0x00000000, 0x00000000, 0x00000000, 0x00000000, 0x00000000, 0x00000000, 0x00000000,
};

const u32* HILINK_GetFirmwareData(void)
{
    return firmware_data;
}
